working_220_id,museum_code,museum_name,accession,object_id,record_type,cover_accession_number,title_en,title_zh,culture,date_or_period,medium_or_technique,classification_or_type,object_url,api_url,public_domain,original_image_url,print_image_url,web_image_url,additional_images,additional_image_count,downloadable_original,download_status,museum_core_version,museum_core_status,boundary_hypothesis,boundary_confidence,book_catalogue_no,book_plate_no,book_page,book_match_status,book_match_basis,book_match_confidence,notes
CMA:2025.21,CMA,Cleveland Museum of Art,2025.21,678477,object,,Part of Story of The Western Chamber,一部西廂總,"['China, Qing dynasty (1644–1911), Qianlong reign (1736–95)']",1736–95,Hanging scroll; polychrome woodblock print; ink and color on paper,Print,https://clevelandart.org/art/2025.21,https://openaccess-api.clevelandart.org/api/artworks/2025.21,1,https://openaccess-cdn.clevelandart.org/2025.21/2025.21_full.tif,https://openaccess-cdn.clevelandart.org/2025.21/2025.21_print.jpg,https://openaccess-cdn.clevelandart.org/2025.21/2025.21_web.jpg,,0,1,official_full_tiff_CC0,CMA-v1.5,working_113_unit,CMA 2025.19–2025.128 + official record semantics,strong_structural_pending_book_concordance,,,,pending_catalogue_concordance,,,object_counts_once
CMA:2025.23,CMA,Cleveland Museum of Art,2025.23,678529,object,,Mother and Sons,母子圖,"['Southeast China, Suzhou, Qing dynasty (1644–1911), Qianlong reign (1736–95)']",1736–95,Hanging scroll; multicolor woodblock print on paper,Print,https://clevelandart.org/art/2025.23,https://openaccess-api.clevelandart.org/api/artworks/2025.23,1,https://openaccess-cdn.clevelandart.org/2025.23/2025.23_full.tif,https://openaccess-cdn.clevelandart.org/2025.23/2025.23_print.jpg,https://openaccess-cdn.clevelandart.org/2025.23/2025.23_web.jpg,,0,1,official_full_tiff_CC0,CMA-v1.5,working_113_unit,CMA 2025.19–2025.128 + official record semantics,strong_structural_pending_book_concordance,,,,pending_catalogue_concordance,,,object_counts_once
CMA:2025.24,CMA,Cleveland Museum of Art,2025.24,678537,object,,A Quatrain about Peonies,牡丹一絕句,"['Southeast China, Suzhou, Qing dynasty (1644–1911), Qianlong reign (1736–95)']",1736–95,Hanging scroll; polychrome woodblock print; ink and color on paper,Print,https://clevelandart.org/art/2025.24,https://openaccess-api.clevelandart.org/api/artworks/2025.24,1,https://openaccess-cdn.clevelandart.org/2025.24/2025.24_full.tif,https://openaccess-cdn.clevelandart.org/2025.24/2025.24_print.jpg,https://openaccess-cdn.clevelandart.org/2025.24/2025.24_web.jpg,,0,1,official_full_tiff_CC0,CMA-v1.5,working_113_unit,CMA 2025.19–2025.128 + official record semantics,strong_structural_pending_book_concordance,,,,pending_catalogue_concordance,,,object_counts_once
CMA:2025.29,CMA,Cleveland Museum of Art,2025.29,678663,object,,Rise in Rank and Attain Wealth,加官進祿,"['China, Qing dynasty (1644–1911), Qianlong reign (1736–95)']",1736–95,Hanging scroll; polychrome woodblock print; ink and color on paper,Print,https://clevelandart.org/art/2025.29,https://openaccess-api.clevelandart.org/api/artworks/2025.29,1,https://openaccess-cdn.clevelandart.org/2025.29/2025.29_full.tif,https://openaccess-cdn.clevelandart.org/2025.29/2025.29_print.jpg,https://openaccess-cdn.clevelandart.org/2025.29/2025.29_web.jpg,,0,1,official_full_tiff_CC0,CMA-v1.5,working_113_unit,CMA 2025.19–2025.128 + official record semantics,strong_structural_pending_book_concordance,,,,pending_catalogue_concordance,,,object_counts_once
CMA:2025.31,CMA,Cleveland Museum of Art,2025.31,679031,object,,The Two Immortals of Harmony and Unity,和合二仙,"['China, Qing dynasty (1644–1911), Qianlong reign (1736–95)']",1736–95,Hanging scroll; polychrome woodblock print; ink and color on paper,Print,https://clevelandart.org/art/2025.31,https://openaccess-api.clevelandart.org/api/artworks/2025.31,1,https://openaccess-cdn.clevelandart.org/2025.31/2025.31_full.tif,https://openaccess-cdn.clevelandart.org/2025.31/2025.31_print.jpg,https://openaccess-cdn.clevelandart.org/2025.31/2025.31_web.jpg,,0,1,official_full_tiff_CC0,CMA-v1.5,working_113_unit,CMA 2025.19–2025.128 + official record semantics,strong_structural_pending_book_concordance,,,,pending_catalogue_concordance,,,object_counts_once
CMA:2025.32,CMA,Cleveland Museum of Art,2025.32,679032,object,,The Two Immortals of Harmony and Unity,和合二仙,"['China, Qing dynasty (1644–1911), Qianlong reign (1736–95)']",1736–95,Polychrome woodblock print; ink and color on paper,Print,https://clevelandart.org/art/2025.32,https://openaccess-api.clevelandart.org/api/artworks/2025.32,1,https://openaccess-cdn.clevelandart.org/2025.32/2025.32_full.tif,https://openaccess-cdn.clevelandart.org/2025.32/2025.32_print.jpg,https://openaccess-cdn.clevelandart.org/2025.32/2025.32_web.jpg,,0,1,official_full_tiff_CC0,CMA-v1.5,working_113_unit,CMA 2025.19–2025.128 + official record semantics,strong_structural_pending_book_concordance,,,,pending_catalogue_concordance,,,object_counts_once
CMA:2025.42,CMA,Cleveland Museum of Art,2025.42,679053,object,,Lady watching a swallow,,"['China, Qing dynasty (1644–1911), Qianlong reign (1736–95)']",1736–95,Hanging scroll; multicolor woodblock print on paper,Print,https://clevelandart.org/art/2025.42,https://openaccess-api.clevelandart.org/api/artworks/2025.42,1,https://openaccess-cdn.clevelandart.org/2025.42/2025.42_full.tif,https://openaccess-cdn.clevelandart.org/2025.42/2025.42_print.jpg,https://openaccess-cdn.clevelandart.org/2025.42/2025.42_web.jpg,,0,1,official_full_tiff_CC0,CMA-v1.5,working_113_unit,CMA 2025.19–2025.128 + official record semantics,strong_structural_pending_book_concordance,,,,pending_catalogue_concordance,,,object_counts_once
CMA:2025.43,CMA,Cleveland Museum of Art,2025.43,679054,object,,Lady with water basin,,"['China, Qing dynasty (1644–1911), Qianlong reign (1736–95)']",1736–95,Hanging scroll; multicolor woodblock print on paper,Print,https://clevelandart.org/art/2025.43,https://openaccess-api.clevelandart.org/api/artworks/2025.43,1,https://openaccess-cdn.clevelandart.org/2025.43/2025.43_full.tif,https://openaccess-cdn.clevelandart.org/2025.43/2025.43_print.jpg,https://openaccess-cdn.clevelandart.org/2025.43/2025.43_web.jpg,,0,1,official_full_tiff_CC0,CMA-v1.5,working_113_unit,CMA 2025.19–2025.128 + official record semantics,strong_structural_pending_book_concordance,,,,pending_catalogue_concordance,,,object_counts_once
CMA:2025.44,CMA,Cleveland Museum of Art,2025.44,679052,object,,Zhang Xian Shoots the Heavenly Dog,張仙射天狗,"['China, Qing dynasty (1644–1911), Daoguang reign (1821–50)']",1821–50,Polychrome woodblock print; ink and color on paper,Print,https://clevelandart.org/art/2025.44,https://openaccess-api.clevelandart.org/api/artworks/2025.44,1,https://openaccess-cdn.clevelandart.org/2025.44/2025.44_full.tif,https://openaccess-cdn.clevelandart.org/2025.44/2025.44_print.jpg,https://openaccess-cdn.clevelandart.org/2025.44/2025.44_web.jpg,,0,1,official_full_tiff_CC0,CMA-v1.5,working_113_unit,CMA 2025.19–2025.128 + official record semantics,strong_structural_pending_book_concordance,,,,pending_catalogue_concordance,,,object_counts_once
CMA:2025.46,CMA,Cleveland Museum of Art,2025.46,679060,object,,Gusu Beauties of the Four Seasons–Summer,四季姑蘇美人圖 - 夏,"['Southeast China, Suzhou Qing dynasty (1644–1911), Qianlong period (1736–95)']",1736–95,"Multicolor woodblock print; ink and color on paper, framed",Print,https://clevelandart.org/art/2025.46,https://openaccess-api.clevelandart.org/api/artworks/2025.46,1,https://openaccess-cdn.clevelandart.org/2025.46/2025.46_full.tif,https://openaccess-cdn.clevelandart.org/2025.46/2025.46_print.jpg,https://openaccess-cdn.clevelandart.org/2025.46/2025.46_web.jpg,,0,1,official_full_tiff_CC0,CMA-v1.5,working_113_unit,CMA 2025.19–2025.128 + official record semantics,strong_structural_pending_book_concordance,,,,pending_catalogue_concordance,,,object_counts_once
CMA:2025.47,CMA,Cleveland Museum of Art,2025.47,679065,object,,Gusu Beauty–Mother and Son in a Summer Pavilion,姑蘇美人 – 夏日亭畔母子圖,"['Southeast China, Suzhou Qing dynasty (1644–1911), Qianlong period (1736–95)']",1736–95,Polychrome woodblock print; ink and color on paper,Print,https://clevelandart.org/art/2025.47,https://openaccess-api.clevelandart.org/api/artworks/2025.47,1,https://openaccess-cdn.clevelandart.org/2025.47/2025.47_full.tif,https://openaccess-cdn.clevelandart.org/2025.47/2025.47_print.jpg,https://openaccess-cdn.clevelandart.org/2025.47/2025.47_web.jpg,,0,1,official_full_tiff_CC0,CMA-v1.5,working_113_unit,CMA 2025.19–2025.128 + official record semantics,strong_structural_pending_book_concordance,,,,pending_catalogue_concordance,,,object_counts_once
CMA:2025.48,CMA,Cleveland Museum of Art,2025.48,679061,object,,Gusu Beauties of the Four Seasons—Spring,四季姑蘇美人圖 – 春,"['Southeast China, Suzhou Qing dynasty (1644–1911), Qianlong period (1736–95)']",1736–95,Multicolor woodblock print; ink and color on paper,Print,https://clevelandart.org/art/2025.48,https://openaccess-api.clevelandart.org/api/artworks/2025.48,1,https://openaccess-cdn.clevelandart.org/2025.48/2025.48_full.tif,https://openaccess-cdn.clevelandart.org/2025.48/2025.48_print.jpg,https://openaccess-cdn.clevelandart.org/2025.48/2025.48_web.jpg,,0,1,official_full_tiff_CC0,CMA-v1.5,working_113_unit,CMA 2025.19–2025.128 + official record semantics,strong_structural_pending_book_concordance,,,,pending_catalogue_concordance,,,object_counts_once
CMA:2025.49,CMA,Cleveland Museum of Art,2025.49,679062,object,,Gusu Beauty–Winter,姑蘇美人 – 冬,"['Southeast China, Suzhou Qing dynasty (1644–1911), Qianlong period (1736–95)']",1736–95,Multicolor woodblock print; ink and color on paper,Print,https://clevelandart.org/art/2025.49,https://openaccess-api.clevelandart.org/api/artworks/2025.49,1,https://openaccess-cdn.clevelandart.org/2025.49/2025.49_full.tif,https://openaccess-cdn.clevelandart.org/2025.49/2025.49_print.jpg,https://openaccess-cdn.clevelandart.org/2025.49/2025.49_web.jpg,,0,1,official_full_tiff_CC0,CMA-v1.5,working_113_unit,CMA 2025.19–2025.128 + official record semantics,strong_structural_pending_book_concordance,,,,pending_catalogue_concordance,,,object_counts_once
CMA:2025.53,CMA,Cleveland Museum of Art,2025.53,679081,object,,Scenic View of Suzhou,姑蘇勝景,"['Southeast China, Suzhou, Qing dynasty (1644–1911), Qianlong reign (1736–95)']",1736–95,Hanging scroll; multicolor woodblock print; ink and color on paper,Print,https://clevelandart.org/art/2025.53,https://openaccess-api.clevelandart.org/api/artworks/2025.53,1,https://openaccess-cdn.clevelandart.org/2025.53/2025.53_full.tif,https://openaccess-cdn.clevelandart.org/2025.53/2025.53_print.jpg,https://openaccess-cdn.clevelandart.org/2025.53/2025.53_web.jpg,,0,1,official_full_tiff_CC0,CMA-v1.5,working_113_unit,CMA 2025.19–2025.128 + official record semantics,strong_structural_pending_book_concordance,,,,pending_catalogue_concordance,,,object_counts_once
CMA:2025.57,CMA,Cleveland Museum of Art,2025.57,679085,object,,Two Beauties Inspect a Golden Lotus,雙美觀金蓮,"['China, Qing dynasty (1644–1911), Qianlong period (1736–95)']",1736–95,Hanging scroll; polychrome woodblock print; ink and color on paper,Print,https://clevelandart.org/art/2025.57,https://openaccess-api.clevelandart.org/api/artworks/2025.57,1,https://openaccess-cdn.clevelandart.org/2025.57/2025.57_full.tif,https://openaccess-cdn.clevelandart.org/2025.57/2025.57_print.jpg,https://openaccess-cdn.clevelandart.org/2025.57/2025.57_web.jpg,,0,1,official_full_tiff_CC0,CMA-v1.5,working_113_unit,CMA 2025.19–2025.128 + official record semantics,strong_structural_pending_book_concordance,,,,pending_catalogue_concordance,,,object_counts_once
CMA:2025.60,CMA,Cleveland Museum of Art,2025.60,679088,object,,"Picture of a Cat, a Bird, and a Crabapple",海棠綬帶富貴圖,"['Southeast China, Suzhou, Qing dynasty (1644–1911), Kangxi reign (1662–1722) to Yongzheng reign (1723–35)']",1662–1735,Multicolor woodblock print; ink and color on paper,Print,https://clevelandart.org/art/2025.60,https://openaccess-api.clevelandart.org/api/artworks/2025.60,1,https://openaccess-cdn.clevelandart.org/2025.60/2025.60_full.tif,https://openaccess-cdn.clevelandart.org/2025.60/2025.60_print.jpg,https://openaccess-cdn.clevelandart.org/2025.60/2025.60_web.jpg,,0,1,official_full_tiff_CC0,CMA-v1.5,working_113_unit,CMA 2025.19–2025.128 + official record semantics,strong_structural_pending_book_concordance,,,,pending_catalogue_concordance,,,object_counts_once
CMA:2025.61,CMA,Cleveland Museum of Art,2025.61,679089,object,,"Scenic Spots of Jiangtian Temple on Jinshan, Built by Imperial Command",勅建金山江天寺勝境,"['China, Qing dynasty (1644–1911), Kangxi reign (1622–1722)']",1662–1722,Polychrome woodblock print; ink and color on paper,Print,https://clevelandart.org/art/2025.61,https://openaccess-api.clevelandart.org/api/artworks/2025.61,1,https://openaccess-cdn.clevelandart.org/2025.61/2025.61_full.tif,https://openaccess-cdn.clevelandart.org/2025.61/2025.61_print.jpg,https://openaccess-cdn.clevelandart.org/2025.61/2025.61_web.jpg,,0,1,official_full_tiff_CC0,CMA-v1.5,working_113_unit,CMA 2025.19–2025.128 + official record semantics,strong_structural_pending_book_concordance,,,,pending_catalogue_concordance,,,object_counts_once
CMA:2025.72,CMA,Cleveland Museum of Art,2025.72,679100,object,,A Newly-Cut Print of Illustrations from The Classic of Mountains and Seas,新刻山海經全圖,"['China, Qing dynasty (1644–1911), Jiaqing period (1796–1820)']",1796–1820,Polychrome woodblock print; ink and color on paper,Print,https://clevelandart.org/art/2025.72,https://openaccess-api.clevelandart.org/api/artworks/2025.72,1,https://openaccess-cdn.clevelandart.org/2025.72/2025.72_full.tif,https://openaccess-cdn.clevelandart.org/2025.72/2025.72_print.jpg,https://openaccess-cdn.clevelandart.org/2025.72/2025.72_web.jpg,,0,1,official_full_tiff_CC0,CMA-v1.5,working_113_unit,CMA 2025.19–2025.128 + official record semantics,strong_structural_pending_book_concordance,,,,pending_catalogue_concordance,,,object_counts_once
CMA:2025.73,CMA,Cleveland Museum of Art,2025.73,679101,object,,A Newly Cut Print: Scenes from the First Part of Outlaws of the Marsh,新刻前水滸,"['China, Qing dynasty (1644–1911), Jiaqing period (1796–1820)']",1796–1820,Polychrome woodblock print; ink and color on paper,Print,https://clevelandart.org/art/2025.73,https://openaccess-api.clevelandart.org/api/artworks/2025.73,1,https://openaccess-cdn.clevelandart.org/2025.73/2025.73_full.tif,https://openaccess-cdn.clevelandart.org/2025.73/2025.73_print.jpg,https://openaccess-cdn.clevelandart.org/2025.73/2025.73_web.jpg,,0,1,official_full_tiff_CC0,CMA-v1.5,working_113_unit,CMA 2025.19–2025.128 + official record semantics,strong_structural_pending_book_concordance,,,,pending_catalogue_concordance,,,object_counts_once
CMA:2025.76,CMA,Cleveland Museum of Art,2025.76,679104,object,,Li Wenzhong Clears the North,李文忠掃北,"['China, Qing dynasty (1644–1911), Jiaqing period (1796–1820)']",1796–1820,Polychrome woodblock print; ink and color on paper,Print,https://clevelandart.org/art/2025.76,https://openaccess-api.clevelandart.org/api/artworks/2025.76,1,https://openaccess-cdn.clevelandart.org/2025.76/2025.76_full.tif,https://openaccess-cdn.clevelandart.org/2025.76/2025.76_print.jpg,https://openaccess-cdn.clevelandart.org/2025.76/2025.76_web.jpg,,0,1,official_full_tiff_CC0,CMA-v1.5,working_113_unit,CMA 2025.19–2025.128 + official record semantics,strong_structural_pending_book_concordance,,,,pending_catalogue_concordance,,,object_counts_once
CMA:2025.82.1,CMA,Cleveland Museum of Art,2025.82.1,678436,component,2025.82,Westlake Panorama,西湖全景,"['Southeast China, Suzhou, Qing dynasty (1644–1911), Qianlong reign (1736–95)']",mid-1700s,One of four woodblock prints; ink on paper; printed with three woodblocks in shades of black,Print,https://clevelandart.org/art/2025.82.1,https://openaccess-api.clevelandart.org/api/artworks/2025.82.1,1,https://openaccess-cdn.clevelandart.org/2025.82.1/2025.82.1_full.tif,https://openaccess-cdn.clevelandart.org/2025.82.1/2025.82.1_print.jpg,https://openaccess-cdn.clevelandart.org/2025.82.1/2025.82.1_web.jpg,,0,1,official_full_tiff_CC0,CMA-v1.5,working_113_unit,CMA 2025.19–2025.128 + official record semantics,strong_structural_pending_book_concordance,,,,pending_catalogue_concordance,,,component_children_replace_cover
CMA:2025.82.2,CMA,Cleveland Museum of Art,2025.82.2,678437,component,2025.82,Westlake Panorama,西湖全景,"['Southeast China, Suzhou, Qing dynasty (1644–1911), Qianlong reign (1736–95)']",mid-1700s,One of four woodblock prints; ink on paper; printed with three wood blocks in shades of black,Print,https://clevelandart.org/art/2025.82.2,https://openaccess-api.clevelandart.org/api/artworks/2025.82.2,1,https://openaccess-cdn.clevelandart.org/2025.82.2/2025.82.2_full.tif,https://openaccess-cdn.clevelandart.org/2025.82.2/2025.82.2_print.jpg,https://openaccess-cdn.clevelandart.org/2025.82.2/2025.82.2_web.jpg,,0,1,official_full_tiff_CC0,CMA-v1.5,working_113_unit,CMA 2025.19–2025.128 + official record semantics,strong_structural_pending_book_concordance,,,,pending_catalogue_concordance,,,component_children_replace_cover
CMA:2025.82.3,CMA,Cleveland Museum of Art,2025.82.3,678438,component,2025.82,Westlake Panorama,西湖全景,"['Southeast China, Suzhou, Qing dynasty (1644–1911), Qianlong reign (1736–95)']",mid-1700s,One of four woodblock prints; ink on paper; printed with three woodblocks in shades of black,Print,https://clevelandart.org/art/2025.82.3,https://openaccess-api.clevelandart.org/api/artworks/2025.82.3,1,https://openaccess-cdn.clevelandart.org/2025.82.3/2025.82.3_full.tif,https://openaccess-cdn.clevelandart.org/2025.82.3/2025.82.3_print.jpg,https://openaccess-cdn.clevelandart.org/2025.82.3/2025.82.3_web.jpg,,0,1,official_full_tiff_CC0,CMA-v1.5,working_113_unit,CMA 2025.19–2025.128 + official record semantics,strong_structural_pending_book_concordance,,,,pending_catalogue_concordance,,,component_children_replace_cover
CMA:2025.82.4,CMA,Cleveland Museum of Art,2025.82.4,678440,component,2025.82,Westlake Panorama,西湖全景,"['Southeast China, Suzhou, Qing dynasty (1644–1911), Qianlong reign (1736–95)']",mid-1700s,One of four woodblock prints; ink on paper; printed with three woodblocks in shades of black,Print,https://clevelandart.org/art/2025.82.4,https://openaccess-api.clevelandart.org/api/artworks/2025.82.4,1,https://openaccess-cdn.clevelandart.org/2025.82.4/2025.82.4_full.tif,https://openaccess-cdn.clevelandart.org/2025.82.4/2025.82.4_print.jpg,https://openaccess-cdn.clevelandart.org/2025.82.4/2025.82.4_web.jpg,,0,1,official_full_tiff_CC0,CMA-v1.5,working_113_unit,CMA 2025.19–2025.128 + official record semantics,strong_structural_pending_book_concordance,,,,pending_catalogue_concordance,,,component_children_replace_cover
CMA:2025.83,CMA,Cleveland Museum of Art,2025.83,679111,object,,Music in the Jade Palace,瓊宮樂奏圖,"['Southeast China, Suzhou, Qing dynasty (1644–1911), Qianlong reign (1736–95)']",1736–95,Multicolor woodblock print on paper,Print,https://clevelandart.org/art/2025.83,https://openaccess-api.clevelandart.org/api/artworks/2025.83,1,https://openaccess-cdn.clevelandart.org/2025.83/2025.83_full.tif,https://openaccess-cdn.clevelandart.org/2025.83/2025.83_print.jpg,https://openaccess-cdn.clevelandart.org/2025.83/2025.83_web.jpg,,0,1,official_full_tiff_CC0,CMA-v1.5,working_113_unit,CMA 2025.19–2025.128 + official record semantics,strong_structural_pending_book_concordance,,,,pending_catalogue_concordance,,,object_counts_once
CMA:2025.84,CMA,Cleveland Museum of Art,2025.84,679112,object,,Gathering Osmanthus,折桂圖,"['Southeast China, Suzhou, Qing dynasty (1644–1911), Qianlong reign (1736–95)']",1736–95,Multicolor woodblock print on paper,Print,https://clevelandart.org/art/2025.84,https://openaccess-api.clevelandart.org/api/artworks/2025.84,1,https://openaccess-cdn.clevelandart.org/2025.84/2025.84_full.tif,https://openaccess-cdn.clevelandart.org/2025.84/2025.84_print.jpg,https://openaccess-cdn.clevelandart.org/2025.84/2025.84_web.jpg,,0,1,official_full_tiff_CC0,CMA-v1.5,working_113_unit,CMA 2025.19–2025.128 + official record semantics,strong_structural_pending_book_concordance,,,,pending_catalogue_concordance,,,object_counts_once
CMA:2025.87,CMA,Cleveland Museum of Art,2025.87,679115,object,,"Touring in Spring, Enjoying Summer",春遊夏賞,"['Southeast China, Suzhou, Qing dynasty (1644–1911), Qianlong reign (1736–95)']",1736–95,Multicolor woodblock print; two shades of ink on paper,Print,https://clevelandart.org/art/2025.87,https://openaccess-api.clevelandart.org/api/artworks/2025.87,1,https://openaccess-cdn.clevelandart.org/2025.87/2025.87_full.tif,https://openaccess-cdn.clevelandart.org/2025.87/2025.87_print.jpg,https://openaccess-cdn.clevelandart.org/2025.87/2025.87_web.jpg,,0,1,official_full_tiff_CC0,CMA-v1.5,working_113_unit,CMA 2025.19–2025.128 + official record semantics,strong_structural_pending_book_concordance,,,,pending_catalogue_concordance,,,object_counts_once
CMA:2025.88,CMA,Cleveland Museum of Art,2025.88,679116,object,,First Part of Story of The Western Chamber,全本西廂記,"['China, Qing dynasty (1644–1911), Qianlong reign (1736–95)']",1736–95,Polychrome woodblock print; ink and color on paper,Print,https://clevelandart.org/art/2025.88,https://openaccess-api.clevelandart.org/api/artworks/2025.88,1,https://openaccess-cdn.clevelandart.org/2025.88/2025.88_full.tif,https://openaccess-cdn.clevelandart.org/2025.88/2025.88_print.jpg,https://openaccess-cdn.clevelandart.org/2025.88/2025.88_web.jpg,,0,1,official_full_tiff_CC0,CMA-v1.5,working_113_unit,CMA 2025.19–2025.128 + official record semantics,strong_structural_pending_book_concordance,,,,pending_catalogue_concordance,,,object_counts_once
CMA:2025.93,CMA,Cleveland Museum of Art,2025.93,679127,object,,Happy New Year,新春樂,"['China, Qing dynasty (1644–1911), Kangxi reign (1622–1722)']",1662–1722,Polychrome woodblock print; ink and color on paper,Print,https://clevelandart.org/art/2025.93,https://openaccess-api.clevelandart.org/api/artworks/2025.93,1,https://openaccess-cdn.clevelandart.org/2025.93/2025.93_full.tif,https://openaccess-cdn.clevelandart.org/2025.93/2025.93_print.jpg,https://openaccess-cdn.clevelandart.org/2025.93/2025.93_web.jpg,,0,1,official_full_tiff_CC0,CMA-v1.5,working_113_unit,CMA 2025.19–2025.128 + official record semantics,strong_structural_pending_book_concordance,,,,pending_catalogue_concordance,,,object_counts_once
CMA:2025.94,CMA,Cleveland Museum of Art,2025.94,679128,object,,"Wife, Wealth, Sons, and a Salary",妻財子禄,"['China, Qing dynasty (1644–1911), Kangxi reign (1622–1722)']",1662–1722,Polychrome woodblock print; ink and color on paper,Print,https://clevelandart.org/art/2025.94,https://openaccess-api.clevelandart.org/api/artworks/2025.94,1,https://openaccess-cdn.clevelandart.org/2025.94/2025.94_full.tif,https://openaccess-cdn.clevelandart.org/2025.94/2025.94_print.jpg,https://openaccess-cdn.clevelandart.org/2025.94/2025.94_web.jpg,,0,1,official_full_tiff_CC0,CMA-v1.5,working_113_unit,CMA 2025.19–2025.128 + official record semantics,strong_structural_pending_book_concordance,,,,pending_catalogue_concordance,,,object_counts_once
CMA:2025.97,CMA,Cleveland Museum of Art,2025.97,679266,object,,The Fierce Battle at the Red Cliff,赤壁鏖兵圖,"['China, Qing dynasty (1644–1911), Qianlong period (1736–95)']",1736–95,Hanging scroll; multicolor woodblock print on paper,Print,https://clevelandart.org/art/2025.97,https://openaccess-api.clevelandart.org/api/artworks/2025.97,1,https://openaccess-cdn.clevelandart.org/2025.97/2025.97_full.tif,https://openaccess-cdn.clevelandart.org/2025.97/2025.97_print.jpg,https://openaccess-cdn.clevelandart.org/2025.97/2025.97_web.jpg,,0,1,official_full_tiff_CC0,CMA-v1.5,working_113_unit,CMA 2025.19–2025.128 + official record semantics,strong_structural_pending_book_concordance,,,,pending_catalogue_concordance,,,object_counts_once
CMA:2025.108,CMA,Cleveland Museum of Art,2025.108,679347,object,,Bird on Pomegranate,石榴上的鳥兒,"['Southeast China, Suzhou, Qing dynasty (1644–1911)']",1700–1750,Multicolor woodblock print; ink and color on paper,Print,https://clevelandart.org/art/2025.108,https://openaccess-api.clevelandart.org/api/artworks/2025.108,1,https://openaccess-cdn.clevelandart.org/2025.108/2025.108_full.tif,https://openaccess-cdn.clevelandart.org/2025.108/2025.108_print.jpg,https://openaccess-cdn.clevelandart.org/2025.108/2025.108_web.jpg,,0,1,official_full_tiff_CC0,CMA-v1.5,working_113_unit,CMA 2025.19–2025.128 + official record semantics,strong_structural_pending_book_concordance,,,,pending_catalogue_concordance,,,object_counts_once
CMA:2025.113,CMA,Cleveland Museum of Art,2025.113,679355,object,,Lotus Seeds and Water Caltrops,蓮蓬和菱角,"['Southeast China, Suzhou, Qing dynasty (1644–1911)']",1700–1750,Multicolor woodblock print; ink and color on paper,Print,https://clevelandart.org/art/2025.113,https://openaccess-api.clevelandart.org/api/artworks/2025.113,1,https://openaccess-cdn.clevelandart.org/2025.113/2025.113_full.tif,https://openaccess-cdn.clevelandart.org/2025.113/2025.113_print.jpg,https://openaccess-cdn.clevelandart.org/2025.113/2025.113_web.jpg,,0,1,official_full_tiff_CC0,CMA-v1.5,working_113_unit,CMA 2025.19–2025.128 + official record semantics,strong_structural_pending_book_concordance,,,,pending_catalogue_concordance,,,object_counts_once
CMA:2025.116,CMA,Cleveland Museum of Art,2025.116,398727,object,,Grasshopper on Pomegranate,蚱蜢石榴,"['Southeast China, Suzhou, Qing dynasty (1644–1911)']",1700–1750,Woodblock printed in black and six other colors,Print,https://clevelandart.org/art/2025.116,https://openaccess-api.clevelandart.org/api/artworks/2025.116,1,https://openaccess-cdn.clevelandart.org/2025.116/2025.116_full.tif,https://openaccess-cdn.clevelandart.org/2025.116/2025.116_print.jpg,https://openaccess-cdn.clevelandart.org/2025.116/2025.116_web.jpg,,0,1,official_full_tiff_CC0,CMA-v1.5,working_113_unit,CMA 2025.19–2025.128 + official record semantics,strong_structural_pending_book_concordance,,,,pending_catalogue_concordance,,,object_counts_once
CMA:2025.118,CMA,Cleveland Museum of Art,2025.118,679368,object,,Bird on Lotus,蓮花和鸟,"['Southeast China, Suzhou, Qing dynasty (1644–1911)']",1700–1750,Multicolor woodblock print and embossing; ink and color on paper,Print,https://clevelandart.org/art/2025.118,https://openaccess-api.clevelandart.org/api/artworks/2025.118,1,https://openaccess-cdn.clevelandart.org/2025.118/2025.118_full.tif,https://openaccess-cdn.clevelandart.org/2025.118/2025.118_print.jpg,https://openaccess-cdn.clevelandart.org/2025.118/2025.118_web.jpg,,0,1,official_full_tiff_CC0,CMA-v1.5,working_113_unit,CMA 2025.19–2025.128 + official record semantics,strong_structural_pending_book_concordance,,,,pending_catalogue_concordance,,,object_counts_once
CMA:2025.127,CMA,Cleveland Museum of Art,2025.127,679377,object,,Plum and Camellia in a Bronze Vase,博古花卉圖,"['Southeast China, Suzhou, Qing dynasty (1644–1911)']",1700–1750,Multicolor woodblock print; ink and color on paper,Print,https://clevelandart.org/art/2025.127,https://openaccess-api.clevelandart.org/api/artworks/2025.127,1,https://openaccess-cdn.clevelandart.org/2025.127/2025.127_full.tif,https://openaccess-cdn.clevelandart.org/2025.127/2025.127_print.jpg,https://openaccess-cdn.clevelandart.org/2025.127/2025.127_web.jpg,,0,1,official_full_tiff_CC0,CMA-v1.5,working_113_unit,CMA 2025.19–2025.128 + official record semantics,strong_structural_pending_book_concordance,,,,pending_catalogue_concordance,,,object_counts_once
MET:2025.354,MET,The Metropolitan Museum of Art,2025.354,911817,museum_object,,Scenic Spots of Zhenjiang,,"China, Suzhou","Qing dynasty (1644–1911), Qianlong period (1736–95)",Hanging scroll; woodblock print; ink on paper with additional hand coloring,Prints,https://www.metmuseum.org/art/collection/search/911817,https://collectionapi.metmuseum.org/public/collection/v1/objects/911817,1,https://images.metmuseum.org/CRDImages/as/original/DP-40650-002.jpg,,https://images.metmuseum.org/CRDImages/as/web-large/DP-40650-002.jpg,https://images.metmuseum.org/CRDImages/as/original/DP-40650-001.jpg,1,1,official_original_public_domain,MET-v2,working_107_accession,MET H2 2025.354–2025.460,strong_structural_pending_book_or_provenance_boundary_confirmation,,,,pending_catalogue_concordance,,,
MET:2025.355,MET,The Metropolitan Museum of Art,2025.355,911818,museum_object,,Scenic Spots of Zhenjiang,,"China, Suzhou","Qing dynasty (1644–1911), Qianlong period (1736–95)",Hanging scroll; woodblock print; ink on paper with additional hand coloring,Prints,https://www.metmuseum.org/art/collection/search/911818,https://collectionapi.metmuseum.org/public/collection/v1/objects/911818,1,https://images.metmuseum.org/CRDImages/as/original/DP-40651-002.jpg,,https://images.metmuseum.org/CRDImages/as/web-large/DP-40651-002.jpg,https://images.metmuseum.org/CRDImages/as/original/DP-40651-001.jpg,1,1,official_original_public_domain,MET-v2,working_107_accession,MET H2 2025.354–2025.460,strong_structural_pending_book_or_provenance_boundary_confirmation,,,,pending_catalogue_concordance,,,
MET:2025.356,MET,The Metropolitan Museum of Art,2025.356,911819,museum_object,,Manchus Quarrel During a Chess Game,,"China, Suzhou","Qing dynasty (1644–1911), Qianlong period (1736–95)",Hanging scroll; woodblock print; ink on paper with additional hand coloring,Prints,https://www.metmuseum.org/art/collection/search/911819,https://collectionapi.metmuseum.org/public/collection/v1/objects/911819,1,https://images.metmuseum.org/CRDImages/as/original/DP-40652-002.jpg,,https://images.metmuseum.org/CRDImages/as/web-large/DP-40652-002.jpg,https://images.metmuseum.org/CRDImages/as/original/DP-40652-001.jpg,1,1,official_original_public_domain,MET-v2,working_107_accession,MET H2 2025.354–2025.460,strong_structural_pending_book_or_provenance_boundary_confirmation,,,,pending_catalogue_concordance,,,
MET:2025.357,MET,The Metropolitan Museum of Art,2025.357,911822,museum_object,,Boys Picking Lotus,,"China, Suzhou","Qing dynasty (1644–1911), Qianlong period (1736–95)",Hanging scroll; woodblock print; ink on paper with additional hand coloring,Prints,https://www.metmuseum.org/art/collection/search/911822,https://collectionapi.metmuseum.org/public/collection/v1/objects/911822,1,https://images.metmuseum.org/CRDImages/as/original/DP-40653-002.jpg,,https://images.metmuseum.org/CRDImages/as/web-large/DP-40653-002.jpg,https://images.metmuseum.org/CRDImages/as/original/DP-40653-001.jpg,1,1,official_original_public_domain,MET-v2,working_107_accession,MET H2 2025.354–2025.460,strong_structural_pending_book_or_provenance_boundary_confirmation,,,,pending_catalogue_concordance,,,
MET:2025.358,MET,The Metropolitan Museum of Art,2025.358,911824,museum_object,,May You Soon Bear Noble Sons,,"China, Suzhou","Qing dynasty (1644–1911), Qianlong period (1736–95)",Hanging scroll; woodblock print; printed in black outline with printed and hand-painted color,Prints,https://www.metmuseum.org/art/collection/search/911824,https://collectionapi.metmuseum.org/public/collection/v1/objects/911824,1,https://images.metmuseum.org/CRDImages/as/original/DP-40654-002.jpg,,https://images.metmuseum.org/CRDImages/as/web-large/DP-40654-002.jpg,https://images.metmuseum.org/CRDImages/as/original/DP-40654-001.jpg,1,1,official_original_public_domain,MET-v2,working_107_accession,MET H2 2025.354–2025.460,strong_structural_pending_book_or_provenance_boundary_confirmation,,,,pending_catalogue_concordance,,,
MET:2025.359,MET,The Metropolitan Museum of Art,2025.359,911825,museum_object,,Mother and Child,,"China, Suzhou","Qing dynasty (1644–1911), Qianlong period (1736–95)",Hanging scroll; woodblock print; ink on paper with additional hand coloring,Prints,https://www.metmuseum.org/art/collection/search/911825,https://collectionapi.metmuseum.org/public/collection/v1/objects/911825,1,https://images.metmuseum.org/CRDImages/as/original/DP-40655-002.jpg,,https://images.metmuseum.org/CRDImages/as/web-large/DP-40655-002.jpg,https://images.metmuseum.org/CRDImages/as/original/DP-40655-001.jpg,1,1,official_original_public_domain,MET-v2,working_107_accession,MET H2 2025.354–2025.460,strong_structural_pending_book_or_provenance_boundary_confirmation,,,,pending_catalogue_concordance,,,
MET:2025.360,MET,The Metropolitan Museum of Art,2025.360,911826,museum_object,,The Two Immortals of Harmony and Unity,,"China, Suzhou","Qing dynasty (1644–1911), Qianlong period (1736–95)",Hanging scroll; woodblock print; ink on paper with additional hand coloring,Prints,https://www.metmuseum.org/art/collection/search/911826,https://collectionapi.metmuseum.org/public/collection/v1/objects/911826,1,https://images.metmuseum.org/CRDImages/as/original/DP-40656-002.jpg,,https://images.metmuseum.org/CRDImages/as/web-large/DP-40656-002.jpg,https://images.metmuseum.org/CRDImages/as/original/DP-40656-001.jpg,1,1,official_original_public_domain,MET-v2,working_107_accession,MET H2 2025.354–2025.460,strong_structural_pending_book_or_provenance_boundary_confirmation,,,,pending_catalogue_concordance,,,
MET:2025.361,MET,The Metropolitan Museum of Art,2025.361,911827,museum_object,,The Two Immortals of Harmony and Unity,,"China, Suzhou","Qing dynasty (1644–1911), Qianlong period (1736–95)",Hanging scroll; woodblock print; ink on paper with additional hand coloring,Prints,https://www.metmuseum.org/art/collection/search/911827,https://collectionapi.metmuseum.org/public/collection/v1/objects/911827,1,https://images.metmuseum.org/CRDImages/as/original/DP-40656-003.jpg,,https://images.metmuseum.org/CRDImages/as/web-large/DP-40656-003.jpg,,0,1,official_original_public_domain,MET-v2,working_107_accession,MET H2 2025.354–2025.460,strong_structural_pending_book_or_provenance_boundary_confirmation,,,,pending_catalogue_concordance,,,
MET:2025.362,MET,The Metropolitan Museum of Art,2025.362,911830,museum_object,,Two Beauties Gather Lotus,,"China, Suzhou","Qing dynasty (1644–1911), Jiaqing period (1796–1820)",Hanging scroll; woodblock print; ink on paper with additional hand coloring,Prints,https://www.metmuseum.org/art/collection/search/911830,https://collectionapi.metmuseum.org/public/collection/v1/objects/911830,1,https://images.metmuseum.org/CRDImages/as/original/DP-41445-002.jpg,,https://images.metmuseum.org/CRDImages/as/web-large/DP-41445-002.jpg,https://images.metmuseum.org/CRDImages/as/original/DP-41445-001.jpg,1,1,official_original_public_domain,MET-v2,working_107_accession,MET H2 2025.354–2025.460,strong_structural_pending_book_or_provenance_boundary_confirmation,,,,pending_catalogue_concordance,,,
MET:2025.363,MET,The Metropolitan Museum of Art,2025.363,911834,museum_object,,Three Boys Grabbing Nobility,,"China, Suzhou","Qing dynasty (1644–1911), Qianlong period (1736–95)",Hanging scroll; woodblock print; ink on paper with additional hand coloring,Prints,https://www.metmuseum.org/art/collection/search/911834,https://collectionapi.metmuseum.org/public/collection/v1/objects/911834,1,https://images.metmuseum.org/CRDImages/as/original/DP-40657-002.jpg,,https://images.metmuseum.org/CRDImages/as/web-large/DP-40657-002.jpg,https://images.metmuseum.org/CRDImages/as/original/DP-40657-001.jpg,1,1,official_original_public_domain,MET-v2,working_107_accession,MET H2 2025.354–2025.460,strong_structural_pending_book_or_provenance_boundary_confirmation,,,,pending_catalogue_concordance,,,
MET:2025.364,MET,The Metropolitan Museum of Art,2025.364,911836,museum_object,,Ten Views of West Lake,,"China, Suzhou","Qing dynasty (1644–1911), Yongzheng–Qianlong period (1723–95)",Woodblock print; ink on paper,Prints,https://www.metmuseum.org/art/collection/search/911836,https://collectionapi.metmuseum.org/public/collection/v1/objects/911836,1,https://images.metmuseum.org/CRDImages/as/original/DP-41821-001.jpg,,https://images.metmuseum.org/CRDImages/as/web-large/DP-41821-001.jpg,,0,1,official_original_public_domain,MET-v2,working_107_accession,MET H2 2025.354–2025.460,strong_structural_pending_book_or_provenance_boundary_confirmation,,,,pending_catalogue_concordance,,,
MET:2025.365,MET,The Metropolitan Museum of Art,2025.365,911838,museum_object,,Lady with Boys Playing Instruments,,"China, Suzhou","Qing dynasty (1644–1911), Qianlong period (1736–95)",Woodblock print; ink on paper with additional hand coloring,Prints,https://www.metmuseum.org/art/collection/search/911838,https://collectionapi.metmuseum.org/public/collection/v1/objects/911838,1,https://images.metmuseum.org/CRDImages/as/original/DP-41446-001.jpg,,https://images.metmuseum.org/CRDImages/as/web-large/DP-41446-001.jpg,,0,1,official_original_public_domain,MET-v2,working_107_accession,MET H2 2025.354–2025.460,strong_structural_pending_book_or_provenance_boundary_confirmation,,,,pending_catalogue_concordance,,,
MET:2025.366,MET,The Metropolitan Museum of Art,2025.366,911839,museum_object,,One Hundred Longevity Characters,,"China, Suzhou",Ming dynasty (1368–1644)?,Woodblock print; ink and color on paper,Prints,https://www.metmuseum.org/art/collection/search/911839,https://collectionapi.metmuseum.org/public/collection/v1/objects/911839,1,https://images.metmuseum.org/CRDImages/as/original/DP-41270-001.jpg,,https://images.metmuseum.org/CRDImages/as/web-large/DP-41270-001.jpg,,0,1,official_original_public_domain,MET-v2,working_107_accession,MET H2 2025.354–2025.460,strong_structural_pending_book_or_provenance_boundary_confirmation,,,,pending_catalogue_concordance,,,
MET:2025.367,MET,The Metropolitan Museum of Art,2025.367,911843,museum_object,,Character meaning “good fortune”,,"China, Suzhou",18th century,Woodblock print; ink on paper with additional hand coloring,Prints,https://www.metmuseum.org/art/collection/search/911843,https://collectionapi.metmuseum.org/public/collection/v1/objects/911843,1,https://images.metmuseum.org/CRDImages/as/original/DP-41271-001.jpg,,https://images.metmuseum.org/CRDImages/as/web-large/DP-41271-001.jpg,,0,1,official_original_public_domain,MET-v2,working_107_accession,MET H2 2025.354–2025.460,strong_structural_pending_book_or_provenance_boundary_confirmation,,,,pending_catalogue_concordance,,,
MET:2025.368,MET,The Metropolitan Museum of Art,2025.368,911846,museum_object,,Magu Bestows Longevity,,"China, Suzhou","Qing dynasty (1644–1911), Qianlong period (1736–95)",Woodblock print; ink on paper with additional hand coloring,Prints,https://www.metmuseum.org/art/collection/search/911846,https://collectionapi.metmuseum.org/public/collection/v1/objects/911846,1,https://images.metmuseum.org/CRDImages/as/original/DP-41272-001.jpg,,https://images.metmuseum.org/CRDImages/as/web-large/DP-41272-001.jpg,,0,1,official_original_public_domain,MET-v2,working_107_accession,MET H2 2025.354–2025.460,strong_structural_pending_book_or_provenance_boundary_confirmation,,,,pending_catalogue_concordance,,,
MET:2025.369,MET,The Metropolitan Museum of Art,2025.369,911847,museum_object,,Five Boys Competing for Distinction,,"China, Suzhou","Qing dynasty (1644–1911), Qianlong period (1736–95)",Woodblock print; ink on paper with additional hand coloring,Prints,https://www.metmuseum.org/art/collection/search/911847,https://collectionapi.metmuseum.org/public/collection/v1/objects/911847,1,https://images.metmuseum.org/CRDImages/as/original/DP-41273-001.jpg,,https://images.metmuseum.org/CRDImages/as/web-large/DP-41273-001.jpg,,0,1,official_original_public_domain,MET-v2,working_107_accession,MET H2 2025.354–2025.460,strong_structural_pending_book_or_provenance_boundary_confirmation,,,,pending_catalogue_concordance,,,
MET:2025.370,MET,The Metropolitan Museum of Art,2025.370,911849,museum_object,,Basin of Accumulated Treasures,,"China, Suzhou",18th century,Woodblock print; ink on paper with additional hand coloring,Prints,https://www.metmuseum.org/art/collection/search/911849,https://collectionapi.metmuseum.org/public/collection/v1/objects/911849,1,https://images.metmuseum.org/CRDImages/as/original/DP-41274-001.jpg,,https://images.metmuseum.org/CRDImages/as/web-large/DP-41274-001.jpg,,0,1,official_original_public_domain,MET-v2,working_107_accession,MET H2 2025.354–2025.460,strong_structural_pending_book_or_provenance_boundary_confirmation,,,,pending_catalogue_concordance,,,
MET:2025.371,MET,The Metropolitan Museum of Art,2025.371,911850,museum_object,,View of Putuoshan on the Southern Sea,,"China, Suzhou","Qing dynasty (1644–1911), Jiaqing period (1796–1820)",Woodblock print; ink on paper with additional hand coloring,Prints,https://www.metmuseum.org/art/collection/search/911850,https://collectionapi.metmuseum.org/public/collection/v1/objects/911850,1,https://images.metmuseum.org/CRDImages/as/original/DP-41275-001.jpg,,https://images.metmuseum.org/CRDImages/as/web-large/DP-41275-001.jpg,,0,1,official_original_public_domain,MET-v2,working_107_accession,MET H2 2025.354–2025.460,strong_structural_pending_book_or_provenance_boundary_confirmation,,,,pending_catalogue_concordance,,,
MET:2025.372,MET,The Metropolitan Museum of Art,2025.372,911851,museum_object,,One Hundred Boys,百子图,"China, Suzhou","Qing dynasty (1644–1911), Qianlong period (1736–95)",Woodblock print; ink on paper with additional hand coloring,Prints,https://www.metmuseum.org/art/collection/search/911851,https://collectionapi.metmuseum.org/public/collection/v1/objects/911851,1,https://images.metmuseum.org/CRDImages/as/original/DP-41276-001.jpg,,https://images.metmuseum.org/CRDImages/as/web-large/DP-41276-001.jpg,,0,1,official_original_public_domain,MET-v2,working_107_accession,MET H2 2025.354–2025.460,strong_structural_pending_book_or_provenance_boundary_confirmation,,,,pending_catalogue_concordance,,,
MET:2025.373,MET,The Metropolitan Museum of Art,2025.373,911852,museum_object,,A Record of Tiger Hill in Suzhou,,"China, Suzhou",18th century,Woodblock print; ink on paper with additional hand coloring,Prints,https://www.metmuseum.org/art/collection/search/911852,https://collectionapi.metmuseum.org/public/collection/v1/objects/911852,1,https://images.metmuseum.org/CRDImages/as/original/DP-41277-001.jpg,,https://images.metmuseum.org/CRDImages/as/web-large/DP-41277-001.jpg,,0,1,official_original_public_domain,MET-v2,working_107_accession,MET H2 2025.354–2025.460,strong_structural_pending_book_or_provenance_boundary_confirmation,,,,pending_catalogue_concordance,,,
MET:2025.374,MET,The Metropolitan Museum of Art,2025.374,911854,museum_object,,Ladies with Peony Flowers,牡丹仕女圖,"China, Suzhou","Qing dynasty (1644–1911), Qianlong period (1736–95)",Woodblock print; ink on paper with additional hand coloring,Prints,https://www.metmuseum.org/art/collection/search/911854,https://collectionapi.metmuseum.org/public/collection/v1/objects/911854,1,https://images.metmuseum.org/CRDImages/as/original/DP-41278-001.jpg,,https://images.metmuseum.org/CRDImages/as/web-large/DP-41278-001.jpg,,0,1,official_original_public_domain,MET-v2,working_107_accession,MET H2 2025.354–2025.460,strong_structural_pending_book_or_provenance_boundary_confirmation,,,,pending_catalogue_concordance,,,
MET:2025.375,MET,The Metropolitan Museum of Art,2025.375,911857,museum_object,,The Holy Emperor Lord Guan,,"China, Suzhou",Ming dynasty (1368–1644)?,Woodblock print; ink on paper with additional hand coloring,Prints,https://www.metmuseum.org/art/collection/search/911857,https://collectionapi.metmuseum.org/public/collection/v1/objects/911857,1,https://images.metmuseum.org/CRDImages/as/original/DP-40846-001.jpg,,https://images.metmuseum.org/CRDImages/as/web-large/DP-40846-001.jpg,,0,1,official_original_public_domain,MET-v2,working_107_accession,MET H2 2025.354–2025.460,strong_structural_pending_book_or_provenance_boundary_confirmation,,,,pending_catalogue_concordance,,,
MET:2025.376,MET,The Metropolitan Museum of Art,2025.376,911858,museum_object,,New Year’s Day,歲朝圖,"China, Suzhou",1747,Woodblock print; ink on paper with additional hand coloring,Prints,https://www.metmuseum.org/art/collection/search/911858,https://collectionapi.metmuseum.org/public/collection/v1/objects/911858,1,https://images.metmuseum.org/CRDImages/as/original/DP-41280-001.jpg,,https://images.metmuseum.org/CRDImages/as/web-large/DP-41280-001.jpg,,0,1,official_original_public_domain,MET-v2,working_107_accession,MET H2 2025.354–2025.460,strong_structural_pending_book_or_provenance_boundary_confirmation,,,,pending_catalogue_concordance,,,
MET:2025.377,MET,The Metropolitan Museum of Art,2025.377,911860,museum_object,,Scenic Sites of Famous Mount Putuo on the Southern Sea,,"China, Suzhou","Qing dynasty (1644–1911), Xianfeng period (1851–61)",Woodblock print; ink on paper,Prints,https://www.metmuseum.org/art/collection/search/911860,https://collectionapi.metmuseum.org/public/collection/v1/objects/911860,1,https://images.metmuseum.org/CRDImages/as/original/DP-41281-002.jpg,,https://images.metmuseum.org/CRDImages/as/web-large/DP-41281-002.jpg,https://images.metmuseum.org/CRDImages/as/original/DP-41281-001.jpg,1,1,official_original_public_domain,MET-v2,working_107_accession,MET H2 2025.354–2025.460,strong_structural_pending_book_or_provenance_boundary_confirmation,,,,pending_catalogue_concordance,,,
MET:2025.378,MET,The Metropolitan Museum of Art,2025.378,911861,museum_object,,Gusu Beauty in Winter,,"China, Suzhou","Qing dynasty (1644–1911), Qianlong period (1736–95)",Woodblock print; ink on paper with additional hand coloring,Prints,https://www.metmuseum.org/art/collection/search/911861,https://collectionapi.metmuseum.org/public/collection/v1/objects/911861,1,https://images.metmuseum.org/CRDImages/as/original/DP-41282-001.jpg,,https://images.metmuseum.org/CRDImages/as/web-large/DP-41282-001.jpg,,0,1,official_original_public_domain,MET-v2,working_107_accession,MET H2 2025.354–2025.460,strong_structural_pending_book_or_provenance_boundary_confirmation,,,,pending_catalogue_concordance,,,
MET:2025.379,MET,The Metropolitan Museum of Art,2025.379,911867,museum_object,,"Woman teaching children to paint, from four-print set “Women teaching children the four accomplishments”",,"China, Suzhou","Qing dynasty (1644–1911), Qianlong period (1736–95)",Woodblock print; ink on paper with additional hand coloring,Prints,https://www.metmuseum.org/art/collection/search/911867,https://collectionapi.metmuseum.org/public/collection/v1/objects/911867,1,https://images.metmuseum.org/CRDImages/as/original/DP-41283-001.jpg,,https://images.metmuseum.org/CRDImages/as/web-large/DP-41283-001.jpg,,0,1,official_original_public_domain,MET-v2,working_107_accession,MET H2 2025.354–2025.460,strong_structural_pending_book_or_provenance_boundary_confirmation,,,,pending_catalogue_concordance,,,
MET:2025.380,MET,The Metropolitan Museum of Art,2025.380,911868,museum_object,,"Woman teaching children to read and write calligraphy, from four-print set “Women teaching children the four accomplishments”",,"China, Suzhou","Qing dynasty (1644–1911), Qianlong period (1736–95)",Woodblock print; ink on paper with additional hand coloring,Prints,https://www.metmuseum.org/art/collection/search/911868,https://collectionapi.metmuseum.org/public/collection/v1/objects/911868,1,https://images.metmuseum.org/CRDImages/as/original/DP-41284-001.jpg,,https://images.metmuseum.org/CRDImages/as/web-large/DP-41284-001.jpg,,0,1,official_original_public_domain,MET-v2,working_107_accession,MET H2 2025.354–2025.460,strong_structural_pending_book_or_provenance_boundary_confirmation,,,,pending_catalogue_concordance,,,
MET:2025.381,MET,The Metropolitan Museum of Art,2025.381,911871,museum_object,,"Woman teaching children to play chess, from four-print set “Women teaching children the four accomplishments”",,"China, Suzhou","Qing dynasty (1644–1911), Qianlong period (1736–95)",Woodblock print; ink on paper with additional hand coloring,Prints,https://www.metmuseum.org/art/collection/search/911871,https://collectionapi.metmuseum.org/public/collection/v1/objects/911871,1,https://images.metmuseum.org/CRDImages/as/original/DP-41285-001.jpg,,https://images.metmuseum.org/CRDImages/as/web-large/DP-41285-001.jpg,,0,1,official_original_public_domain,MET-v2,working_107_accession,MET H2 2025.354–2025.460,strong_structural_pending_book_or_provenance_boundary_confirmation,,,,pending_catalogue_concordance,,,
MET:2025.382,MET,The Metropolitan Museum of Art,2025.382,911872,museum_object,,"Woman teaching children to play the guqin zither, from four-print set “Women teaching children the four accomplishments""",,"China, Suzhou","Qing dynasty (1644–1911), Qianlong period (1736–95)",Woodblock print; ink on paper with additional hand coloring,Prints,https://www.metmuseum.org/art/collection/search/911872,https://collectionapi.metmuseum.org/public/collection/v1/objects/911872,1,https://images.metmuseum.org/CRDImages/as/original/DP-41286-001.jpg,,https://images.metmuseum.org/CRDImages/as/web-large/DP-41286-001.jpg,,0,1,official_original_public_domain,MET-v2,working_107_accession,MET H2 2025.354–2025.460,strong_structural_pending_book_or_provenance_boundary_confirmation,,,,pending_catalogue_concordance,,,
MET:2025.383,MET,The Metropolitan Museum of Art,2025.383,911954,museum_object,,Mother and Son by a Pavilion,,"China, Suzhou","Qing dynasty (1644–1911), Qianlong period (1736–95)",Woodblock print; ink on paper with additional hand coloring,Prints,https://www.metmuseum.org/art/collection/search/911954,https://collectionapi.metmuseum.org/public/collection/v1/objects/911954,1,https://images.metmuseum.org/CRDImages/as/original/DP-41473-001.jpg,,https://images.metmuseum.org/CRDImages/as/web-large/DP-41473-001.jpg,,0,1,official_original_public_domain,MET-v2,working_107_accession,MET H2 2025.354–2025.460,strong_structural_pending_book_or_provenance_boundary_confirmation,,,,pending_catalogue_concordance,,,
MET:2025.384,MET,The Metropolitan Museum of Art,2025.384,911873,museum_object,,Gilding the Lily,錦上添花,"China, Suzhou","Qing dynasty (1644–1911), Qianlong period (1736–95)",Woodblock print; ink on paper with additional hand coloring,Prints,https://www.metmuseum.org/art/collection/search/911873,https://collectionapi.metmuseum.org/public/collection/v1/objects/911873,1,https://images.metmuseum.org/CRDImages/as/original/DP-41287-001.jpg,,https://images.metmuseum.org/CRDImages/as/web-large/DP-41287-001.jpg,,0,1,official_original_public_domain,MET-v2,working_107_accession,MET H2 2025.354–2025.460,strong_structural_pending_book_or_provenance_boundary_confirmation,,,,pending_catalogue_concordance,,,
MET:2025.385,MET,The Metropolitan Museum of Art,2025.385,911874,museum_object,,Story of the Western Chamber,,"China, Suzhou","Qing dynasty (1644–1911), Qianlong period (1736–95)",HaHanging scroll; woodblock print; two shades of ink on paper with additional hand coloring,Prints,https://www.metmuseum.org/art/collection/search/911874,https://collectionapi.metmuseum.org/public/collection/v1/objects/911874,1,https://images.metmuseum.org/CRDImages/as/original/DP-40658-002.jpg,,https://images.metmuseum.org/CRDImages/as/web-large/DP-40658-002.jpg,https://images.metmuseum.org/CRDImages/as/original/DP-40658-001.jpg,1,1,official_original_public_domain,MET-v2,working_107_accession,MET H2 2025.354–2025.460,strong_structural_pending_book_or_provenance_boundary_confirmation,,,,pending_catalogue_concordance,,,
MET:2025.386,MET,The Metropolitan Museum of Art,2025.386,911875,museum_object,,Yang Guifei  and the Tang Emperor Minghuang,,"China, Suzhou","Qing dynasty (1644–1911), Qianlong period (1736–95)",Hanging scroll; woodblock print; ink on paper,Prints,https://www.metmuseum.org/art/collection/search/911875,https://collectionapi.metmuseum.org/public/collection/v1/objects/911875,1,https://images.metmuseum.org/CRDImages/as/original/DP-40659-002.jpg,,https://images.metmuseum.org/CRDImages/as/web-large/DP-40659-002.jpg,https://images.metmuseum.org/CRDImages/as/original/DP-40659-001.jpg,1,1,official_original_public_domain,MET-v2,working_107_accession,MET H2 2025.354–2025.460,strong_structural_pending_book_or_provenance_boundary_confirmation,,,,pending_catalogue_concordance,,,
MET:2025.387,MET,The Metropolitan Museum of Art,2025.387,911876,museum_object,,Taozhu Brings Wealth,,"China, Suzhou","Qing dynasty (1644–1911), Qianlong period (1736–95)",Woodblock print; ink on paper,Prints,https://www.metmuseum.org/art/collection/search/911876,https://collectionapi.metmuseum.org/public/collection/v1/objects/911876,1,https://images.metmuseum.org/CRDImages/as/original/DP-41290-002.jpg,,https://images.metmuseum.org/CRDImages/as/web-large/DP-41290-002.jpg,https://images.metmuseum.org/CRDImages/as/original/DP-41290-001.jpg,1,1,official_original_public_domain,MET-v2,working_107_accession,MET H2 2025.354–2025.460,strong_structural_pending_book_or_provenance_boundary_confirmation,,,,pending_catalogue_concordance,,,
MET:2025.388,MET,The Metropolitan Museum of Art,2025.388,911877,museum_object,,Picture of a Happy Family,,"China, Suzhou","Qing dynasty (1644–1911), Qianlong period (1736–95)",Hanging scroll; woodblock print; ink on paper with additional hand coloring,Prints,https://www.metmuseum.org/art/collection/search/911877,https://collectionapi.metmuseum.org/public/collection/v1/objects/911877,1,https://images.metmuseum.org/CRDImages/as/original/DP-40660-002.jpg,,https://images.metmuseum.org/CRDImages/as/web-large/DP-40660-002.jpg,https://images.metmuseum.org/CRDImages/as/original/DP-40660-001.jpg,1,1,official_original_public_domain,MET-v2,working_107_accession,MET H2 2025.354–2025.460,strong_structural_pending_book_or_provenance_boundary_confirmation,,,,pending_catalogue_concordance,,,
MET:2025.389,MET,The Metropolitan Museum of Art,2025.389,911879,museum_object,,Twenty-Eight Constellations Battle at Kunyang,,"China, Suzhou","Qing dynasty (1644–1911), Qianlong period (1736–95)",Hanging scroll; woodblock print; ink on paper with additional hand coloring,Prints,https://www.metmuseum.org/art/collection/search/911879,https://collectionapi.metmuseum.org/public/collection/v1/objects/911879,1,https://images.metmuseum.org/CRDImages/as/original/DP-40661-002.jpg,,https://images.metmuseum.org/CRDImages/as/web-large/DP-40661-002.jpg,https://images.metmuseum.org/CRDImages/as/original/DP-40661-001.jpg,1,1,official_original_public_domain,MET-v2,working_107_accession,MET H2 2025.354–2025.460,strong_structural_pending_book_or_provenance_boundary_confirmation,,,,pending_catalogue_concordance,,,
MET:2025.390,MET,The Metropolitan Museum of Art,2025.390,911881,museum_object,,Scenic View of Yueyang Tower,,"China, Suzhou","Qing dynasty (1644–1911), Qianlong period (1736–95)",Hanging scroll; woodblock print; ink on paper with additional hand coloring,Prints,https://www.metmuseum.org/art/collection/search/911881,https://collectionapi.metmuseum.org/public/collection/v1/objects/911881,1,https://images.metmuseum.org/CRDImages/as/original/DP-40662-002.jpg,,https://images.metmuseum.org/CRDImages/as/web-large/DP-40662-002.jpg,https://images.metmuseum.org/CRDImages/as/original/DP-40662-001.jpg,1,1,official_original_public_domain,MET-v2,working_107_accession,MET H2 2025.354–2025.460,strong_structural_pending_book_or_provenance_boundary_confirmation,,,,pending_catalogue_concordance,,,
MET:2025.391,MET,The Metropolitan Museum of Art,2025.391,911887,museum_object,,Two Beauties Enjoy a Butterfly,,"China, Suzhou","Qing dynasty (1644–1911), Qianlong period (1736–95)",Hanging scroll; woodblock print; ink on paper with additional hand coloring,Prints,https://www.metmuseum.org/art/collection/search/911887,https://collectionapi.metmuseum.org/public/collection/v1/objects/911887,1,https://images.metmuseum.org/CRDImages/as/original/DP-40663-002.jpg,,https://images.metmuseum.org/CRDImages/as/web-large/DP-40663-002.jpg,https://images.metmuseum.org/CRDImages/as/original/DP-40663-001.jpg,1,1,official_original_public_domain,MET-v2,working_107_accession,MET H2 2025.354–2025.460,strong_structural_pending_book_or_provenance_boundary_confirmation,,,,pending_catalogue_concordance,,,
MET:2025.392,MET,The Metropolitan Museum of Art,2025.392,911889,museum_object,,The Herd Boy and the Weaving Maiden,,"China, Suzhou","Qing dynasty (1644–1911), Qianlong period (1736–95)",Hanging scroll; woodblock print; ink on paper with additional hand coloring,Prints,https://www.metmuseum.org/art/collection/search/911889,https://collectionapi.metmuseum.org/public/collection/v1/objects/911889,1,https://images.metmuseum.org/CRDImages/as/original/DP-40664-002.jpg,,https://images.metmuseum.org/CRDImages/as/web-large/DP-40664-002.jpg,https://images.metmuseum.org/CRDImages/as/original/DP-40664-001.jpg,1,1,official_original_public_domain,MET-v2,working_107_accession,MET H2 2025.354–2025.460,strong_structural_pending_book_or_provenance_boundary_confirmation,,,,pending_catalogue_concordance,,,
MET:2025.393,MET,The Metropolitan Museum of Art,2025.393,911890,museum_object,,A Prevailing Mood of Harmony,,"China, Suzhou","Qing dynasty (1644–1911), Qianlong period (1736–95)",Hanging scroll; woodblock print; ink on paper with additional hand coloring,Prints,https://www.metmuseum.org/art/collection/search/911890,https://collectionapi.metmuseum.org/public/collection/v1/objects/911890,1,https://images.metmuseum.org/CRDImages/as/original/DP-40665-002.jpg,,https://images.metmuseum.org/CRDImages/as/web-large/DP-40665-002.jpg,https://images.metmuseum.org/CRDImages/as/original/DP-40665-001.jpg,1,1,official_original_public_domain,MET-v2,working_107_accession,MET H2 2025.354–2025.460,strong_structural_pending_book_or_provenance_boundary_confirmation,,,,pending_catalogue_concordance,,,
MET:2025.394,MET,The Metropolitan Museum of Art,2025.394,911891,museum_object,,The Spring Ox,,"China, Suzhou","Qing dynasty (1644–1911), Jiaqing period (1796–1820)",Woodblock print; ink on paper with additional hand coloring,Prints,https://www.metmuseum.org/art/collection/search/911891,https://collectionapi.metmuseum.org/public/collection/v1/objects/911891,1,https://images.metmuseum.org/CRDImages/as/original/DP-40847-001.jpg,,https://images.metmuseum.org/CRDImages/as/web-large/DP-40847-001.jpg,,0,1,official_original_public_domain,MET-v2,working_107_accession,MET H2 2025.354–2025.460,strong_structural_pending_book_or_provenance_boundary_confirmation,,,,pending_catalogue_concordance,,,
MET:2025.395,MET,The Metropolitan Museum of Art,2025.395,911892,museum_object,,Parrot on a Peach Branch,,"China, Suzhou","Qing dynasty (1644–1911), Kangxi–Yongzheng period (1662–1735)",Woodblock print; ink on paper with additional hand coloring,Prints,https://www.metmuseum.org/art/collection/search/911892,https://collectionapi.metmuseum.org/public/collection/v1/objects/911892,1,https://images.metmuseum.org/CRDImages/as/original/DP-41298-001.jpg,,https://images.metmuseum.org/CRDImages/as/web-large/DP-41298-001.jpg,,0,1,official_original_public_domain,MET-v2,working_107_accession,MET H2 2025.354–2025.460,strong_structural_pending_book_or_provenance_boundary_confirmation,,,,pending_catalogue_concordance,,,
MET:2025.396,MET,The Metropolitan Museum of Art,2025.396,911893,museum_object,,Zhaojun Leaves for the North,,"China, Suzhou","Qing dynasty (1644–1911), Kangxi period (1662–1722)",Woodblock print; ink on paper with additional hand coloring,Prints,https://www.metmuseum.org/art/collection/search/911893,https://collectionapi.metmuseum.org/public/collection/v1/objects/911893,1,https://images.metmuseum.org/CRDImages/as/original/DP-41299-001.jpg,,https://images.metmuseum.org/CRDImages/as/web-large/DP-41299-001.jpg,,0,1,official_original_public_domain,MET-v2,working_107_accession,MET H2 2025.354–2025.460,strong_structural_pending_book_or_provenance_boundary_confirmation,,,,pending_catalogue_concordance,,,
MET:2025.397,MET,The Metropolitan Museum of Art,2025.397,911897,museum_object,,Satirical Prints of Suzhou Customs,,"China, Suzhou",1760,Woodblock print; ink on paper,Prints,https://www.metmuseum.org/art/collection/search/911897,https://collectionapi.metmuseum.org/public/collection/v1/objects/911897,1,https://images.metmuseum.org/CRDImages/as/original/DP-40848-001.jpg,,https://images.metmuseum.org/CRDImages/as/web-large/DP-40848-001.jpg,,0,1,official_original_public_domain,MET-v2,working_107_accession,MET H2 2025.354–2025.460,strong_structural_pending_book_or_provenance_boundary_confirmation,,,,pending_catalogue_concordance,,,
MET:2025.398,MET,The Metropolitan Museum of Art,2025.398,911898,museum_object,,Satirical Prints of Suzhou Customs,,"China, Suzhou",1760,Woodblock print; ink on paper,Prints,https://www.metmuseum.org/art/collection/search/911898,https://collectionapi.metmuseum.org/public/collection/v1/objects/911898,1,https://images.metmuseum.org/CRDImages/as/original/DP-40849-001.jpg,,https://images.metmuseum.org/CRDImages/as/web-large/DP-40849-001.jpg,,0,1,official_original_public_domain,MET-v2,working_107_accession,MET H2 2025.354–2025.460,strong_structural_pending_book_or_provenance_boundary_confirmation,,,,pending_catalogue_concordance,,,
MET:2025.399,MET,The Metropolitan Museum of Art,2025.399,911900,museum_object,,Satirical Prints of Suzhou Customs,,"China, Suzhou",1760,Woodblock print; ink on paper,Prints,https://www.metmuseum.org/art/collection/search/911900,https://collectionapi.metmuseum.org/public/collection/v1/objects/911900,1,https://images.metmuseum.org/CRDImages/as/original/DP-40850-001.jpg,,https://images.metmuseum.org/CRDImages/as/web-large/DP-40850-001.jpg,,0,1,official_original_public_domain,MET-v2,working_107_accession,MET H2 2025.354–2025.460,strong_structural_pending_book_or_provenance_boundary_confirmation,,,,pending_catalogue_concordance,,,
MET:2025.400,MET,The Metropolitan Museum of Art,2025.400,911904,museum_object,,Two Beauties Picking Dates,,"China, Suzhou","Qing dynasty (1644–1911), Qianlong period (1736–95)",Woodblock print; ink on paper with additional hand coloring,Prints,https://www.metmuseum.org/art/collection/search/911904,https://collectionapi.metmuseum.org/public/collection/v1/objects/911904,1,https://images.metmuseum.org/CRDImages/as/original/DP-40851-001.jpg,,https://images.metmuseum.org/CRDImages/as/web-large/DP-40851-001.jpg,,0,1,official_original_public_domain,MET-v2,working_107_accession,MET H2 2025.354–2025.460,strong_structural_pending_book_or_provenance_boundary_confirmation,,,,pending_catalogue_concordance,,,
MET:2025.401,MET,The Metropolitan Museum of Art,2025.401,911907,museum_object,,Print in Western Style with Western Text,,"China, Suzhou","Qing dynasty (1644–1911), Kangxi–Yongzheng period (1662–1735)",Woodblock print; ink on paper,Prints,https://www.metmuseum.org/art/collection/search/911907,https://collectionapi.metmuseum.org/public/collection/v1/objects/911907,1,https://images.metmuseum.org/CRDImages/as/original/DP-40852-001.jpg,,https://images.metmuseum.org/CRDImages/as/web-large/DP-40852-001.jpg,,0,1,official_original_public_domain,MET-v2,working_107_accession,MET H2 2025.354–2025.460,strong_structural_pending_book_or_provenance_boundary_confirmation,,,,pending_catalogue_concordance,,,
MET:2025.402,MET,The Metropolitan Museum of Art,2025.402,911909,museum_object,,Scenic Spots of Zhenjiang,鎮江胜境,"China, Suzhou","Qing dynasty (1644–1911), Qianlong period (1736–95)",Woodblock print; ink on paper with additional hand coloring,Prints,https://www.metmuseum.org/art/collection/search/911909,https://collectionapi.metmuseum.org/public/collection/v1/objects/911909,1,https://images.metmuseum.org/CRDImages/as/original/DP-40853-001.jpg,,https://images.metmuseum.org/CRDImages/as/web-large/DP-40853-001.jpg,,0,1,official_original_public_domain,MET-v2,working_107_accession,MET H2 2025.354–2025.460,strong_structural_pending_book_or_provenance_boundary_confirmation,,,,pending_catalogue_concordance,,,
MET:2025.403,MET,The Metropolitan Museum of Art,2025.403,911910,museum_object,,The Beautiful Scenery of West Lake,,"China, Suzhou","Qing dynasty (1644–1911), Kangxi period (1662–1722)",Woodblock print; ink on paper with additional hand coloring,Prints,https://www.metmuseum.org/art/collection/search/911910,https://collectionapi.metmuseum.org/public/collection/v1/objects/911910,1,https://images.metmuseum.org/CRDImages/as/original/DP-40854-001.jpg,,https://images.metmuseum.org/CRDImages/as/web-large/DP-40854-001.jpg,https://images.metmuseum.org/CRDImages/as/original/DP-41306-001.jpg,1,1,official_original_public_domain,MET-v2,working_107_accession,MET H2 2025.354–2025.460,strong_structural_pending_book_or_provenance_boundary_confirmation,,,,pending_catalogue_concordance,,,
MET:2025.404,MET,The Metropolitan Museum of Art,2025.404,911911,museum_object,,Lady Holding a Brush,,"China, Suzhou","Qing dynasty (1644–1911), Kangxi period (1662–1722)",Woodblock print; ink on paper with additional hand coloring,Prints,https://www.metmuseum.org/art/collection/search/911911,https://collectionapi.metmuseum.org/public/collection/v1/objects/911911,1,https://images.metmuseum.org/CRDImages/as/original/DP-41307-001.jpg,,https://images.metmuseum.org/CRDImages/as/web-large/DP-41307-001.jpg,,0,1,official_original_public_domain,MET-v2,working_107_accession,MET H2 2025.354–2025.460,strong_structural_pending_book_or_provenance_boundary_confirmation,,,,pending_catalogue_concordance,,,
MET:2025.405,MET,The Metropolitan Museum of Art,2025.405,911912,museum_object,,Two Ladies Playing Music,,"China, Suzhou","Qing dynasty (1644–1911), Qianlong period (1736–95)",Woodblock print; ink on paper with additional hand coloring,Prints,https://www.metmuseum.org/art/collection/search/911912,https://collectionapi.metmuseum.org/public/collection/v1/objects/911912,1,https://images.metmuseum.org/CRDImages/as/original/DP-40855-001.jpg,,https://images.metmuseum.org/CRDImages/as/web-large/DP-40855-001.jpg,,0,1,official_original_public_domain,MET-v2,working_107_accession,MET H2 2025.354–2025.460,strong_structural_pending_book_or_provenance_boundary_confirmation,,,,pending_catalogue_concordance,,,
MET:2025.406,MET,The Metropolitan Museum of Art,2025.406,911913,museum_object,,Beauty and a Cat,,"China, Suzhou","Qing dynasty (1644–1911), Qianlong period (1736–95)",Woodblock print; ink on paper with additional hand coloring,Prints,https://www.metmuseum.org/art/collection/search/911913,https://collectionapi.metmuseum.org/public/collection/v1/objects/911913,1,https://images.metmuseum.org/CRDImages/as/original/DP-41822-001.jpg,,https://images.metmuseum.org/CRDImages/as/web-large/DP-41822-001.jpg,,0,1,official_original_public_domain,MET-v2,working_107_accession,MET H2 2025.354–2025.460,strong_structural_pending_book_or_provenance_boundary_confirmation,,,,pending_catalogue_concordance,,,
MET:2025.407,MET,The Metropolitan Museum of Art,2025.407,911914,museum_object,,Gold Coins Cover the Ground,遍地金錢,"China, Suzhou","Qing dynasty (1644–1911), Kangxi period (1662–1722)",Woodblock print; ink on paper with additional hand coloring,Prints,https://www.metmuseum.org/art/collection/search/911914,https://collectionapi.metmuseum.org/public/collection/v1/objects/911914,1,https://images.metmuseum.org/CRDImages/as/original/DP-40856-001.jpg,,https://images.metmuseum.org/CRDImages/as/web-large/DP-40856-001.jpg,,0,1,official_original_public_domain,MET-v2,working_107_accession,MET H2 2025.354–2025.460,strong_structural_pending_book_or_provenance_boundary_confirmation,,,,pending_catalogue_concordance,,,
MET:2025.408,MET,The Metropolitan Museum of Art,2025.408,911916,museum_object,,Scenes from the First Part of Pearl Pagoda,,"China, Suzhou","Qing dynasty (1644–1911), Qianlong period (1736–95)",Woodblock print; ink on paper with additional hand coloring,Prints,https://www.metmuseum.org/art/collection/search/911916,https://collectionapi.metmuseum.org/public/collection/v1/objects/911916,1,https://images.metmuseum.org/CRDImages/as/original/DP-40857-001.jpg,,https://images.metmuseum.org/CRDImages/as/web-large/DP-40857-001.jpg,,0,1,official_original_public_domain,MET-v2,working_107_accession,MET H2 2025.354–2025.460,strong_structural_pending_book_or_provenance_boundary_confirmation,,,,pending_catalogue_concordance,,,
MET:2025.409,MET,The Metropolitan Museum of Art,2025.409,911918,museum_object,,Scenes from Second Part of Generals of the Yang Family,,"China, Suzhou","Qing dynasty (1644–1911), Jiaqing period (1796–1820)",Woodblock print; ink on paper with additional hand coloring,Prints,https://www.metmuseum.org/art/collection/search/911918,https://collectionapi.metmuseum.org/public/collection/v1/objects/911918,1,https://images.metmuseum.org/CRDImages/as/original/DP-40858-001.jpg,,https://images.metmuseum.org/CRDImages/as/web-large/DP-40858-001.jpg,,0,1,official_original_public_domain,MET-v2,working_107_accession,MET H2 2025.354–2025.460,strong_structural_pending_book_or_provenance_boundary_confirmation,,,,pending_catalogue_concordance,,,
MET:2025.410,MET,The Metropolitan Museum of Art,2025.410,911920,museum_object,,A Newly-Cut Print : Scenes from the Second Part of Outlaws of the Marsh,,"China, Suzhou","Qing dynasty (1644–1911), Jiaqing period (1796–1820)",Woodblock print; ink on paper with additional hand coloring,Prints,https://www.metmuseum.org/art/collection/search/911920,https://collectionapi.metmuseum.org/public/collection/v1/objects/911920,1,https://images.metmuseum.org/CRDImages/as/original/DP-40859-001.jpg,,https://images.metmuseum.org/CRDImages/as/web-large/DP-40859-001.jpg,,0,1,official_original_public_domain,MET-v2,working_107_accession,MET H2 2025.354–2025.460,strong_structural_pending_book_or_provenance_boundary_confirmation,,,,pending_catalogue_concordance,,,
MET:2025.411,MET,The Metropolitan Museum of Art,2025.411,911921,museum_object,,A Newly-Cut Print : Scenes from the First Part of Record of The Three Kingdoms,,"China, Suzhou","Qing dynasty (1644–1911), Jiaqing period (1796–1820)",Woodblock print; ink on paper with additional hand coloring,Prints,https://www.metmuseum.org/art/collection/search/911921,https://collectionapi.metmuseum.org/public/collection/v1/objects/911921,1,https://images.metmuseum.org/CRDImages/as/original/DP-40860-001.jpg,,https://images.metmuseum.org/CRDImages/as/web-large/DP-40860-001.jpg,,0,1,official_original_public_domain,MET-v2,working_107_accession,MET H2 2025.354–2025.460,strong_structural_pending_book_or_provenance_boundary_confirmation,,,,pending_catalogue_concordance,,,
MET:2025.412,MET,The Metropolitan Museum of Art,2025.412,911923,museum_object,,A Newly-Cut Print of Illustrations from The Classic of Mountains and Seas,,"China, Suzhou","Qing dynasty (1644–1911), Jiaqing period (1796–1820)",Woodblock print; ink on paper with additional hand coloring,Prints,https://www.metmuseum.org/art/collection/search/911923,https://collectionapi.metmuseum.org/public/collection/v1/objects/911923,1,https://images.metmuseum.org/CRDImages/as/original/DP-40861-001.jpg,,https://images.metmuseum.org/CRDImages/as/web-large/DP-40861-001.jpg,,0,1,official_original_public_domain,MET-v2,working_107_accession,MET H2 2025.354–2025.460,strong_structural_pending_book_or_provenance_boundary_confirmation,,,,pending_catalogue_concordance,,,
MET:2025.413,MET,The Metropolitan Museum of Art,2025.413,911925,museum_object,,Rebellion Against the Celestial Court,,"China, Suzhou","Qing dynasty (1644–1911), Xianfeng period (1851–61)",Woodblock print; ink on paper with additional hand coloring,Prints,https://www.metmuseum.org/art/collection/search/911925,https://collectionapi.metmuseum.org/public/collection/v1/objects/911925,1,https://images.metmuseum.org/CRDImages/as/original/DP-40862-001.jpg,,https://images.metmuseum.org/CRDImages/as/web-large/DP-40862-001.jpg,,0,1,official_original_public_domain,MET-v2,working_107_accession,MET H2 2025.354–2025.460,strong_structural_pending_book_or_provenance_boundary_confirmation,,,,pending_catalogue_concordance,,,
MET:2025.414,MET,The Metropolitan Museum of Art,2025.414,911927,museum_object,,Praying Mantis and Three Toddlers,,"China, Suzhou","Qing dynasty (1644–1911), Qianlong period (1736–95)",Hanging scroll; woodblock print; ink on paper with additional hand coloring,Prints,https://www.metmuseum.org/art/collection/search/911927,https://collectionapi.metmuseum.org/public/collection/v1/objects/911927,1,https://images.metmuseum.org/CRDImages/as/original/DP-40666-002.jpg,,https://images.metmuseum.org/CRDImages/as/web-large/DP-40666-002.jpg,https://images.metmuseum.org/CRDImages/as/original/DP-40666-001.jpg,1,1,official_original_public_domain,MET-v2,working_107_accession,MET H2 2025.354–2025.460,strong_structural_pending_book_or_provenance_boundary_confirmation,,,,pending_catalogue_concordance,,,
MET:2025.415,MET,The Metropolitan Museum of Art,2025.415,911929,museum_object,,Picking Tea in Autumn Heat,,"China, Suzhou","Qing dynasty (1644–1911), Jiaqing period (1796–1820)",Woodblock print; ink on paper with additional hand coloring,Prints,https://www.metmuseum.org/art/collection/search/911929,https://collectionapi.metmuseum.org/public/collection/v1/objects/911929,1,https://images.metmuseum.org/CRDImages/as/original/DP-40863-001.jpg,,https://images.metmuseum.org/CRDImages/as/web-large/DP-40863-001.jpg,,0,1,official_original_public_domain,MET-v2,working_107_accession,MET H2 2025.354–2025.460,strong_structural_pending_book_or_provenance_boundary_confirmation,,,,pending_catalogue_concordance,,,
MET:2025.416,MET,The Metropolitan Museum of Art,2025.416,911931,museum_object,,Story of The Western Chamber,,"China, Suzhou","Qing dynasty (1644–1911), Qianlong period (1736–95)",Hanging scroll; woodblock print; ink on paper with additional hand coloring,Prints,https://www.metmuseum.org/art/collection/search/911931,https://collectionapi.metmuseum.org/public/collection/v1/objects/911931,1,https://images.metmuseum.org/CRDImages/as/original/DP-41318-002.jpg,,https://images.metmuseum.org/CRDImages/as/web-large/DP-41318-002.jpg,https://images.metmuseum.org/CRDImages/as/original/DP-41318-001.jpg,1,1,official_original_public_domain,MET-v2,working_107_accession,MET H2 2025.354–2025.460,strong_structural_pending_book_or_provenance_boundary_confirmation,,,,pending_catalogue_concordance,,,
MET:2025.417,MET,The Metropolitan Museum of Art,2025.417,911936,museum_object,,Second part of The Story of the Lute,,"China, Suzhou","Qing dynasty (1644–1911), Qianlong period (1736–95)",Hanging scroll; woodblock print; two shades of ink on paper with additional hand coloring,Prints,https://www.metmuseum.org/art/collection/search/911936,https://collectionapi.metmuseum.org/public/collection/v1/objects/911936,1,https://images.metmuseum.org/CRDImages/as/original/DP-40667-002.jpg,,https://images.metmuseum.org/CRDImages/as/web-large/DP-40667-002.jpg,https://images.metmuseum.org/CRDImages/as/original/DP-40667-001.jpg,1,1,official_original_public_domain,MET-v2,working_107_accession,MET H2 2025.354–2025.460,strong_structural_pending_book_or_provenance_boundary_confirmation,,,,pending_catalogue_concordance,,,
MET:2025.418,MET,The Metropolitan Museum of Art,2025.418,911938,museum_object,,View of Putuoshan on the Southern Sea,,"China, Suzhou","Qing dynasty (1644–1911), Jiaqing period (1796–1820)",Woodblock print; ink on paper with additional hand coloring,Prints,https://www.metmuseum.org/art/collection/search/911938,https://collectionapi.metmuseum.org/public/collection/v1/objects/911938,1,https://images.metmuseum.org/CRDImages/as/original/DP-41319-001.jpg,,https://images.metmuseum.org/CRDImages/as/web-large/DP-41319-001.jpg,,0,1,official_original_public_domain,MET-v2,working_107_accession,MET H2 2025.354–2025.460,strong_structural_pending_book_or_provenance_boundary_confirmation,,,,pending_catalogue_concordance,,,
MET:2025.419,MET,The Metropolitan Museum of Art,2025.419,911939,museum_object,,View of Putuoshan on the Southern Sea,,"China, Suzhou","Qing dynasty (1644–1911), Daoguang period (1821–50)",Woodblock print; ink on paper with additional hand coloring,Prints,https://www.metmuseum.org/art/collection/search/911939,https://collectionapi.metmuseum.org/public/collection/v1/objects/911939,1,https://images.metmuseum.org/CRDImages/as/original/DP-41320-001.jpg,,https://images.metmuseum.org/CRDImages/as/web-large/DP-41320-001.jpg,,0,1,official_original_public_domain,MET-v2,working_107_accession,MET H2 2025.354–2025.460,strong_structural_pending_book_or_provenance_boundary_confirmation,,,,pending_catalogue_concordance,,,
MET:2025.420,MET,The Metropolitan Museum of Art,2025.420,911944,museum_object,,Spring Morning in the Han Palace,,"China, Suzhou","Qing dynasty (1644–1911), Qianlong period (1736–95)",Woodblock print; ink on paper,Prints,https://www.metmuseum.org/art/collection/search/911944,https://collectionapi.metmuseum.org/public/collection/v1/objects/911944,1,https://images.metmuseum.org/CRDImages/as/original/DP-40864-001.jpg,,https://images.metmuseum.org/CRDImages/as/web-large/DP-40864-001.jpg,,0,1,official_original_public_domain,MET-v2,working_107_accession,MET H2 2025.354–2025.460,strong_structural_pending_book_or_provenance_boundary_confirmation,,,,pending_catalogue_concordance,,,
MET:2025.421,MET,The Metropolitan Museum of Art,2025.421,911945,museum_object,,Adoration of a Sage,,"China, Suzhou","Qing dynasty (1644–1911), Qianlong period (1736–95)",Woodblock print; ink on paper,Prints,https://www.metmuseum.org/art/collection/search/911945,https://collectionapi.metmuseum.org/public/collection/v1/objects/911945,1,https://images.metmuseum.org/CRDImages/as/original/DP-40865-001.jpg,,https://images.metmuseum.org/CRDImages/as/web-large/DP-40865-001.jpg,,0,1,official_original_public_domain,MET-v2,working_107_accession,MET H2 2025.354–2025.460,strong_structural_pending_book_or_provenance_boundary_confirmation,,,,pending_catalogue_concordance,,,
MET:2025.422,MET,The Metropolitan Museum of Art,2025.422,911946,museum_object,,View of Western architecture,,"China, Suzhou",18th century,Woodblock print; ink on paper with additional hand coloring,Prints,https://www.metmuseum.org/art/collection/search/911946,https://collectionapi.metmuseum.org/public/collection/v1/objects/911946,1,https://images.metmuseum.org/CRDImages/as/original/DP-41323-001.jpg,,https://images.metmuseum.org/CRDImages/as/web-large/DP-41323-001.jpg,,0,1,official_original_public_domain,MET-v2,working_107_accession,MET H2 2025.354–2025.460,strong_structural_pending_book_or_provenance_boundary_confirmation,,,,pending_catalogue_concordance,,,
MET:2025.423,MET,The Metropolitan Museum of Art,2025.423,911947,museum_object,,A Hunt on the Plains,,"China, Suzhou",18th century,Woodblock print; ink on paper with additional hand coloring,Prints,https://www.metmuseum.org/art/collection/search/911947,https://collectionapi.metmuseum.org/public/collection/v1/objects/911947,1,https://images.metmuseum.org/CRDImages/as/original/DP-41324-001.jpg,,https://images.metmuseum.org/CRDImages/as/web-large/DP-41324-001.jpg,,0,1,official_original_public_domain,MET-v2,working_107_accession,MET H2 2025.354–2025.460,strong_structural_pending_book_or_provenance_boundary_confirmation,,,,pending_catalogue_concordance,,,
MET:2025.427,MET,The Metropolitan Museum of Art,2025.427,911961,museum_object,,The Jade Hairpin,,"China, Suzhou","Qing dynasty (1644–1911), Kangxi period (1662–1722)",Woodblock print; ink on paper with additional hand coloring,Prints,https://www.metmuseum.org/art/collection/search/911961,https://collectionapi.metmuseum.org/public/collection/v1/objects/911961,1,https://images.metmuseum.org/CRDImages/as/original/DP-41449-001.jpg,,https://images.metmuseum.org/CRDImages/as/web-large/DP-41449-001.jpg,,0,1,official_original_public_domain,MET-v2,working_107_accession,MET H2 2025.354–2025.460,strong_structural_pending_book_or_provenance_boundary_confirmation,,,,pending_catalogue_concordance,,,
MET:2025.428,MET,The Metropolitan Museum of Art,2025.428,913059,museum_object,,Amorous scene,,"China, Suzhou","Qing dynasty (1644–1911), Kangxi period (1662–1722)",Woodblock print; ink on paper,Prints,https://www.metmuseum.org/art/collection/search/913059,https://collectionapi.metmuseum.org/public/collection/v1/objects/913059,1,https://images.metmuseum.org/CRDImages/as/original/DP-41450-001.jpg,,https://images.metmuseum.org/CRDImages/as/web-large/DP-41450-001.jpg,,0,1,official_original_public_domain,MET-v2,working_107_accession,MET H2 2025.354–2025.460,strong_structural_pending_book_or_provenance_boundary_confirmation,,,,pending_catalogue_concordance,,,
MET:2025.429,MET,The Metropolitan Museum of Art,2025.429,911968,museum_object,,Reunion of the Heroes,,"China, Suzhou","Qing dynasty (1644–1911), Kangxi period (1662–1722)",Woodblock print; ink on paper with additional hand coloring,Prints,https://www.metmuseum.org/art/collection/search/911968,https://collectionapi.metmuseum.org/public/collection/v1/objects/911968,1,https://images.metmuseum.org/CRDImages/as/original/DP-40866-001.jpg,,https://images.metmuseum.org/CRDImages/as/web-large/DP-40866-001.jpg,,0,1,official_original_public_domain,MET-v2,working_107_accession,MET H2 2025.354–2025.460,strong_structural_pending_book_or_provenance_boundary_confirmation,,,,pending_catalogue_concordance,,,
MET:2025.430,MET,The Metropolitan Museum of Art,2025.430,911973,museum_object,,Stone Lake In Suzhou : An Emulation of ‘Famous Scenes of West Lake’,,"China, Suzhou","Qing dynasty (1644–1911), Qianlong period (1736–95)",Woodblock print; ink on paper with additional hand coloring,Prints,https://www.metmuseum.org/art/collection/search/911973,https://collectionapi.metmuseum.org/public/collection/v1/objects/911973,1,https://images.metmuseum.org/CRDImages/as/original/DP-41326-001.jpg,,https://images.metmuseum.org/CRDImages/as/web-large/DP-41326-001.jpg,,0,1,official_original_public_domain,MET-v2,working_107_accession,MET H2 2025.354–2025.460,strong_structural_pending_book_or_provenance_boundary_confirmation,,,,pending_catalogue_concordance,,,
MET:2025.431,MET,The Metropolitan Museum of Art,2025.431,911976,museum_object,,Second Part of Tale of Washing the Silken Gauze,,"China, Suzhou","Qing dynasty (1644–1911), Qianlong period (1736–95)",Hanging scroll; woodblock print; ink on paper with additional hand coloring,Prints,https://www.metmuseum.org/art/collection/search/911976,https://collectionapi.metmuseum.org/public/collection/v1/objects/911976,1,https://images.metmuseum.org/CRDImages/as/original/DP-40669-002.jpg,,https://images.metmuseum.org/CRDImages/as/web-large/DP-40669-002.jpg,https://images.metmuseum.org/CRDImages/as/original/DP-40669-001.jpg,1,1,official_original_public_domain,MET-v2,working_107_accession,MET H2 2025.354–2025.460,strong_structural_pending_book_or_provenance_boundary_confirmation,,,,pending_catalogue_concordance,,,
MET:2025.432,MET,The Metropolitan Museum of Art,2025.432,911977,museum_object,,Children and Grandchildren Bring Fortune and Prosperity. The Eight Barbarians Bring Tribute,,"China, Suzhou","Qing dynasty (1644–1911), Qianlong period (1736–95)",Woodblock print; ink on paper with additional hand coloring,Prints,https://www.metmuseum.org/art/collection/search/911977,https://collectionapi.metmuseum.org/public/collection/v1/objects/911977,1,https://images.metmuseum.org/CRDImages/as/original/DP-41327-001.jpg,,https://images.metmuseum.org/CRDImages/as/web-large/DP-41327-001.jpg,,0,1,official_original_public_domain,MET-v2,working_107_accession,MET H2 2025.354–2025.460,strong_structural_pending_book_or_provenance_boundary_confirmation,,,,pending_catalogue_concordance,,,
MET:2025.433,MET,The Metropolitan Museum of Art,2025.433,911978,museum_object,,The Character Fu,,"China, Suzhou","Qing dynasty (1644–1911), Qianlong period (1736–95)",Woodblock print; ink on paper with additional hand coloring,Prints,https://www.metmuseum.org/art/collection/search/911978,https://collectionapi.metmuseum.org/public/collection/v1/objects/911978,1,https://images.metmuseum.org/CRDImages/as/original/DP-41328-001.jpg,,https://images.metmuseum.org/CRDImages/as/web-large/DP-41328-001.jpg,,0,1,official_original_public_domain,MET-v2,working_107_accession,MET H2 2025.354–2025.460,strong_structural_pending_book_or_provenance_boundary_confirmation,,,,pending_catalogue_concordance,,,
MET:2025.434,MET,The Metropolitan Museum of Art,2025.434,911980,museum_object,,Lady Holding a Brush,,"China, Suzhou",18th century,Woodblock print; ink on paper with additional hand coloring,Prints,https://www.metmuseum.org/art/collection/search/911980,https://collectionapi.metmuseum.org/public/collection/v1/objects/911980,1,https://images.metmuseum.org/CRDImages/as/original/DP-41329-001.jpg,,https://images.metmuseum.org/CRDImages/as/web-large/DP-41329-001.jpg,,0,1,official_original_public_domain,MET-v2,working_107_accession,MET H2 2025.354–2025.460,strong_structural_pending_book_or_provenance_boundary_confirmation,,,,pending_catalogue_concordance,,,
MET:2025.435,MET,The Metropolitan Museum of Art,2025.435,911981,museum_object,,Scene of Westerners,,"China, Suzhou",18th century,Woodblock print; ink on paper with additional hand coloring,Prints,https://www.metmuseum.org/art/collection/search/911981,https://collectionapi.metmuseum.org/public/collection/v1/objects/911981,1,https://images.metmuseum.org/CRDImages/as/original/DP-40867-001.jpg,,https://images.metmuseum.org/CRDImages/as/web-large/DP-40867-001.jpg,https://images.metmuseum.org/CRDImages/as/original/DP-41330-001.jpg,1,1,official_original_public_domain,MET-v2,working_107_accession,MET H2 2025.354–2025.460,strong_structural_pending_book_or_provenance_boundary_confirmation,,,,pending_catalogue_concordance,,,
MET:2025.436,MET,The Metropolitan Museum of Art,2025.436,911982,museum_object,,The Beautiful Scenery of Famous Mount Putuo on the Southern Sea,,"China, Suzhou",18th century,Hanging scroll; woodblock print; ink on paper with additional hand coloring,Prints,https://www.metmuseum.org/art/collection/search/911982,https://collectionapi.metmuseum.org/public/collection/v1/objects/911982,1,https://images.metmuseum.org/CRDImages/as/original/DP-40670-002.jpg,,https://images.metmuseum.org/CRDImages/as/web-large/DP-40670-002.jpg,https://images.metmuseum.org/CRDImages/as/original/DP-40670-001.jpg,1,1,official_original_public_domain,MET-v2,working_107_accession,MET H2 2025.354–2025.460,strong_structural_pending_book_or_provenance_boundary_confirmation,,,,pending_catalogue_concordance,,,
MET:2025.437,MET,The Metropolitan Museum of Art,2025.437,911983,museum_object,,Complete Geographical Map of the Everlasting Unified Qing Empire,,"China, Suzhou",18th century,Four-panel folding screen; woodblock print; ink and color on paper,Prints,https://www.metmuseum.org/art/collection/search/911983,https://collectionapi.metmuseum.org/public/collection/v1/objects/911983,1,https://images.metmuseum.org/CRDImages/as/original/DP-41331-001.jpg,,https://images.metmuseum.org/CRDImages/as/web-large/DP-41331-001.jpg,https://images.metmuseum.org/CRDImages/as/original/DP-41331-002.jpg|https://images.metmuseum.org/CRDImages/as/original/DP-41331-003.jpg|https://images.metmuseum.org/CRDImages/as/original/DP-41331-004.jpg|https://images.metmuseum.org/CRDImages/as/original/DP-41331-005.jpg,4,1,official_original_public_domain,MET-v2,working_107_accession,MET H2 2025.354–2025.460,strong_structural_pending_book_or_provenance_boundary_confirmation,,,,pending_catalogue_concordance,,,four-panel folding screen
MET:2025.438,MET,The Metropolitan Museum of Art,2025.438,911984,museum_object,,Promoting Officials,,"China, Suzhou",18th century,Woodblock print; ink on paper,Prints,https://www.metmuseum.org/art/collection/search/911984,https://collectionapi.metmuseum.org/public/collection/v1/objects/911984,1,https://images.metmuseum.org/CRDImages/as/original/DP-40868-001.jpg,,https://images.metmuseum.org/CRDImages/as/web-large/DP-40868-001.jpg,,0,1,official_original_public_domain,MET-v2,working_107_accession,MET H2 2025.354–2025.460,strong_structural_pending_book_or_provenance_boundary_confirmation,,,,pending_catalogue_concordance,,,
MET:2025.439,MET,The Metropolitan Museum of Art,2025.439,911987,museum_object,,Eight Immortals and Twelve Zodiac Animals,,"China, Suzhou",18th century,Woodblock print; ink on paper with additional hand coloring,Prints,https://www.metmuseum.org/art/collection/search/911987,https://collectionapi.metmuseum.org/public/collection/v1/objects/911987,1,https://images.metmuseum.org/CRDImages/as/original/DP-41333-001.jpg,,https://images.metmuseum.org/CRDImages/as/web-large/DP-41333-001.jpg,,0,1,official_original_public_domain,MET-v2,working_107_accession,MET H2 2025.354–2025.460,strong_structural_pending_book_or_provenance_boundary_confirmation,,,,pending_catalogue_concordance,,,
MET:2025.440,MET,The Metropolitan Museum of Art,2025.440,911990,museum_object,,White Snake Tale Game,,"China, Suzhou",18th century,Woodblock print; ink on paper with additional hand coloring,Prints,https://www.metmuseum.org/art/collection/search/911990,https://collectionapi.metmuseum.org/public/collection/v1/objects/911990,1,https://images.metmuseum.org/CRDImages/as/original/DP-41451-001.jpg,,https://images.metmuseum.org/CRDImages/as/web-large/DP-41451-001.jpg,,0,1,official_original_public_domain,MET-v2,working_107_accession,MET H2 2025.354–2025.460,strong_structural_pending_book_or_provenance_boundary_confirmation,,,,pending_catalogue_concordance,,,
MET:2025.441,MET,The Metropolitan Museum of Art,2025.441,911991,museum_object,,Agricultural Tasks,,"China, Suzhou",18th century,Woodblock print; ink on paper,Prints,https://www.metmuseum.org/art/collection/search/911991,https://collectionapi.metmuseum.org/public/collection/v1/objects/911991,1,https://images.metmuseum.org/CRDImages/as/original/DP-41452-001.jpg,,https://images.metmuseum.org/CRDImages/as/web-large/DP-41452-001.jpg,,0,1,official_original_public_domain,MET-v2,working_107_accession,MET H2 2025.354–2025.460,strong_structural_pending_book_or_provenance_boundary_confirmation,,,,pending_catalogue_concordance,,,
MET:2025.442,MET,The Metropolitan Museum of Art,2025.442,913075,museum_object,,The Two Immortals of Harmony and Unity,,"China, Suzhou",mid-18th century,Woodblock print; ink on paper,Prints,https://www.metmuseum.org/art/collection/search/913075,https://collectionapi.metmuseum.org/public/collection/v1/objects/913075,1,https://images.metmuseum.org/CRDImages/as/original/DP-41453-001.jpg,,https://images.metmuseum.org/CRDImages/as/web-large/DP-41453-001.jpg,,0,1,official_original_public_domain,MET-v2,working_107_accession,MET H2 2025.354–2025.460,strong_structural_pending_book_or_provenance_boundary_confirmation,,,,pending_catalogue_concordance,,,
MET:2025.443,MET,The Metropolitan Museum of Art,2025.443,911992,museum_object,,"Summer basket: lotus, pomegranate and day lily",,"China, Suzhou",18th century,Polychrome woodblock print; ink and color on paper with embossing,Prints,https://www.metmuseum.org/art/collection/search/911992,https://collectionapi.metmuseum.org/public/collection/v1/objects/911992,1,https://images.metmuseum.org/CRDImages/as/original/DP-41454-001.jpg,,https://images.metmuseum.org/CRDImages/as/web-large/DP-41454-001.jpg,,0,1,official_original_public_domain,MET-v2,working_107_accession,MET H2 2025.354–2025.460,strong_structural_pending_book_or_provenance_boundary_confirmation,,,,pending_catalogue_concordance,,,
MET:2025.444,MET,The Metropolitan Museum of Art,2025.444,911995,museum_object,,"Autumn basket: hibiscus, yellow hibiscus and chrysanthemum",,"China, Suzhou",18th century,Polychrome woodblock print; ink and color on paper with embossing,Prints,https://www.metmuseum.org/art/collection/search/911995,https://collectionapi.metmuseum.org/public/collection/v1/objects/911995,1,https://images.metmuseum.org/CRDImages/as/original/DP-41455-001.jpg,,https://images.metmuseum.org/CRDImages/as/web-large/DP-41455-001.jpg,,0,1,official_original_public_domain,MET-v2,working_107_accession,MET H2 2025.354–2025.460,strong_structural_pending_book_or_provenance_boundary_confirmation,,,,pending_catalogue_concordance,,,
MET:2025.445,MET,The Metropolitan Museum of Art,2025.445,911996,museum_object,,Magpies,,"China, Suzhou",18th century,Polychrome woodblock print; ink and color on paper,Prints,https://www.metmuseum.org/art/collection/search/911996,https://collectionapi.metmuseum.org/public/collection/v1/objects/911996,1,https://images.metmuseum.org/CRDImages/as/original/DP-41456-001.jpg,,https://images.metmuseum.org/CRDImages/as/web-large/DP-41456-001.jpg,,0,1,official_original_public_domain,MET-v2,working_107_accession,MET H2 2025.354–2025.460,strong_structural_pending_book_or_provenance_boundary_confirmation,,,,pending_catalogue_concordance,,,
MET:2025.446,MET,The Metropolitan Museum of Art,2025.446,911997,museum_object,,Bird on hibiscus,,"China, Suzhou",18th century,Polychrome woodblock print; ink and color on paper,Prints,https://www.metmuseum.org/art/collection/search/911997,https://collectionapi.metmuseum.org/public/collection/v1/objects/911997,1,https://images.metmuseum.org/CRDImages/as/original/DP-41457-001.jpg,,https://images.metmuseum.org/CRDImages/as/web-large/DP-41457-001.jpg,,0,1,official_original_public_domain,MET-v2,working_107_accession,MET H2 2025.354–2025.460,strong_structural_pending_book_or_provenance_boundary_confirmation,,,,pending_catalogue_concordance,,,
MET:2025.447,MET,The Metropolitan Museum of Art,2025.447,912002,museum_object,,Butterflies and Bee on Chrysanthemum,,"China, Suzhou",18th century,Polychrome woodblock print; ink and color on paper,Prints,https://www.metmuseum.org/art/collection/search/912002,https://collectionapi.metmuseum.org/public/collection/v1/objects/912002,1,https://images.metmuseum.org/CRDImages/as/original/DP-41458-001.jpg,,https://images.metmuseum.org/CRDImages/as/web-large/DP-41458-001.jpg,,0,1,official_original_public_domain,MET-v2,working_107_accession,MET H2 2025.354–2025.460,strong_structural_pending_book_or_provenance_boundary_confirmation,,,,pending_catalogue_concordance,,,
MET:2025.448,MET,The Metropolitan Museum of Art,2025.448,912004,museum_object,,Apples and Pomegranates.,,"China, Suzhou",18th century,Polychrome woodblock print; ink and color on paper,Prints,https://www.metmuseum.org/art/collection/search/912004,https://collectionapi.metmuseum.org/public/collection/v1/objects/912004,1,https://images.metmuseum.org/CRDImages/as/original/DP-41459-001.jpg,,https://images.metmuseum.org/CRDImages/as/web-large/DP-41459-001.jpg,,0,1,official_original_public_domain,MET-v2,working_107_accession,MET H2 2025.354–2025.460,strong_structural_pending_book_or_provenance_boundary_confirmation,,,,pending_catalogue_concordance,,,
MET:2025.449,MET,The Metropolitan Museum of Art,2025.449,912008,museum_object,,Butterflies on Loquats,,"China, Suzhou",18th century,Polychrome woodblock print; ink and color on paper,Prints,https://www.metmuseum.org/art/collection/search/912008,https://collectionapi.metmuseum.org/public/collection/v1/objects/912008,1,https://images.metmuseum.org/CRDImages/as/original/DP-41460-001.jpg,,https://images.metmuseum.org/CRDImages/as/web-large/DP-41460-001.jpg,,0,1,official_original_public_domain,MET-v2,working_107_accession,MET H2 2025.354–2025.460,strong_structural_pending_book_or_provenance_boundary_confirmation,,,,pending_catalogue_concordance,,,
MET:2025.450,MET,The Metropolitan Museum of Art,2025.450,912012,museum_object,,Butterfly on Peony and Iris,,"China, Suzhou",18th century,Polychrome woodblock print; ink and color on paper,Prints,https://www.metmuseum.org/art/collection/search/912012,https://collectionapi.metmuseum.org/public/collection/v1/objects/912012,1,https://images.metmuseum.org/CRDImages/as/original/DP-41461-001.jpg,,https://images.metmuseum.org/CRDImages/as/web-large/DP-41461-001.jpg,,0,1,official_original_public_domain,MET-v2,working_107_accession,MET H2 2025.354–2025.460,strong_structural_pending_book_or_provenance_boundary_confirmation,,,,pending_catalogue_concordance,,,
MET:2025.451,MET,The Metropolitan Museum of Art,2025.451,912015,museum_object,,Butterfly on Buddha's Hand Citron,,"China, Suzhou",18th century,Polychrome woodblock print; ink and color on paper,Prints,https://www.metmuseum.org/art/collection/search/912015,https://collectionapi.metmuseum.org/public/collection/v1/objects/912015,1,https://images.metmuseum.org/CRDImages/as/original/DP-41462-001.jpg,,https://images.metmuseum.org/CRDImages/as/web-large/DP-41462-001.jpg,,0,1,official_original_public_domain,MET-v2,working_107_accession,MET H2 2025.354–2025.460,strong_structural_pending_book_or_provenance_boundary_confirmation,,,,pending_catalogue_concordance,,,
MET:2025.452,MET,The Metropolitan Museum of Art,2025.452,912016,museum_object,,Poppy and Stone,,"China, Suzhou",18th century,Polychrome woodblock print; ink and color on paper,Prints,https://www.metmuseum.org/art/collection/search/912016,https://collectionapi.metmuseum.org/public/collection/v1/objects/912016,1,https://images.metmuseum.org/CRDImages/as/original/DP-41463-001.jpg,,https://images.metmuseum.org/CRDImages/as/web-large/DP-41463-001.jpg,,0,1,official_original_public_domain,MET-v2,working_107_accession,MET H2 2025.354–2025.460,strong_structural_pending_book_or_provenance_boundary_confirmation,,,,pending_catalogue_concordance,,,
MET:2025.453,MET,The Metropolitan Museum of Art,2025.453,912017,museum_object,,Orchid and Stone,,"China, Suzhou",18th century,Polychrome woodblock print; ink and color on paper,Prints,https://www.metmuseum.org/art/collection/search/912017,https://collectionapi.metmuseum.org/public/collection/v1/objects/912017,1,https://images.metmuseum.org/CRDImages/as/original/DP-41464-001.jpg,,https://images.metmuseum.org/CRDImages/as/web-large/DP-41464-001.jpg,,0,1,official_original_public_domain,MET-v2,working_107_accession,MET H2 2025.354–2025.460,strong_structural_pending_book_or_provenance_boundary_confirmation,,,,pending_catalogue_concordance,,,
MET:2025.454,MET,The Metropolitan Museum of Art,2025.454,912018,museum_object,,Roses?,,"China, Suzhou",18th century,Polychrome woodblock print; ink and color on paper,Prints,https://www.metmuseum.org/art/collection/search/912018,https://collectionapi.metmuseum.org/public/collection/v1/objects/912018,1,https://images.metmuseum.org/CRDImages/as/original/DP-41465-001.jpg,,https://images.metmuseum.org/CRDImages/as/web-large/DP-41465-001.jpg,,0,1,official_original_public_domain,MET-v2,working_107_accession,MET H2 2025.354–2025.460,strong_structural_pending_book_or_provenance_boundary_confirmation,,,,pending_catalogue_concordance,,,
MET:2025.455,MET,The Metropolitan Museum of Art,2025.455,912023,museum_object,,Bird on Viburnum,,"China, Suzhou",18th century,Polychrome woodblock print; ink and color on paper,Prints,https://www.metmuseum.org/art/collection/search/912023,https://collectionapi.metmuseum.org/public/collection/v1/objects/912023,1,https://images.metmuseum.org/CRDImages/as/original/DP-41466-001.jpg,,https://images.metmuseum.org/CRDImages/as/web-large/DP-41466-001.jpg,,0,1,official_original_public_domain,MET-v2,working_107_accession,MET H2 2025.354–2025.460,strong_structural_pending_book_or_provenance_boundary_confirmation,,,,pending_catalogue_concordance,,,
MET:2025.456,MET,The Metropolitan Museum of Art,2025.456,912024,museum_object,,Mynah Birds,,"China, Suzhou",18th century,Polychrome woodblock print; ink and color on paper,Prints,https://www.metmuseum.org/art/collection/search/912024,https://collectionapi.metmuseum.org/public/collection/v1/objects/912024,1,https://images.metmuseum.org/CRDImages/as/original/DP-41467-001.jpg,,https://images.metmuseum.org/CRDImages/as/web-large/DP-41467-001.jpg,,0,1,official_original_public_domain,MET-v2,working_107_accession,MET H2 2025.354–2025.460,strong_structural_pending_book_or_provenance_boundary_confirmation,,,,pending_catalogue_concordance,,,
MET:2025.457,MET,The Metropolitan Museum of Art,2025.457,912025,museum_object,,Grasshopper on Pomegranate,,"China, Suzhou",18th century,Polychrome woodblock print; ink and color on paper,Prints,https://www.metmuseum.org/art/collection/search/912025,https://collectionapi.metmuseum.org/public/collection/v1/objects/912025,1,https://images.metmuseum.org/CRDImages/as/original/DP-41468-001.jpg,,https://images.metmuseum.org/CRDImages/as/web-large/DP-41468-001.jpg,,0,1,official_original_public_domain,MET-v2,working_107_accession,MET H2 2025.354–2025.460,strong_structural_pending_book_or_provenance_boundary_confirmation,,,,pending_catalogue_concordance,,,
MET:2025.458,MET,The Metropolitan Museum of Art,2025.458,912028,museum_object,,Pomegranate in a bronze vase,,"China, Suzhou",18th century,Polychrome woodblock print; ink and color on paper,Prints,https://www.metmuseum.org/art/collection/search/912028,https://collectionapi.metmuseum.org/public/collection/v1/objects/912028,1,https://images.metmuseum.org/CRDImages/as/original/DP-41469-001.jpg,,https://images.metmuseum.org/CRDImages/as/web-large/DP-41469-001.jpg,,0,1,official_original_public_domain,MET-v2,working_107_accession,MET H2 2025.354–2025.460,strong_structural_pending_book_or_provenance_boundary_confirmation,,,,pending_catalogue_concordance,,,
MET:2025.459,MET,The Metropolitan Museum of Art,2025.459,912030,museum_object,,Chrysanthemum and Begonia in a Bronze Vase,,"China, Suzhou",18th century,Polychrome woodblock print; ink and color on paper,Prints,https://www.metmuseum.org/art/collection/search/912030,https://collectionapi.metmuseum.org/public/collection/v1/objects/912030,1,https://images.metmuseum.org/CRDImages/as/original/DP-41470-001.jpg,,https://images.metmuseum.org/CRDImages/as/web-large/DP-41470-001.jpg,,0,1,official_original_public_domain,MET-v2,working_107_accession,MET H2 2025.354–2025.460,strong_structural_pending_book_or_provenance_boundary_confirmation,,,,pending_catalogue_concordance,,,
MET:2025.460,MET,The Metropolitan Museum of Art,2025.460,912945,museum_object,,"Wooden chest with print ""Gusu Beauty in Winter"" pasted inside",,"China, Suzhou (print)",1767?,Pinewood (chest); polychrome woodblock print; ink and color on paper,Furniture,https://www.metmuseum.org/art/collection/search/912945,https://collectionapi.metmuseum.org/public/collection/v1/objects/912945,1,https://images.metmuseum.org/CRDImages/as/original/DP-41019-004.jpg,,https://images.metmuseum.org/CRDImages/as/web-large/DP-41019-004.jpg,https://images.metmuseum.org/CRDImages/as/original/DP-41019-003.jpg|https://images.metmuseum.org/CRDImages/as/original/DP-41019-001.jpg|https://images.metmuseum.org/CRDImages/as/original/DP-41019-002.jpg,3,1,official_original_public_domain,MET-v2,working_107_accession,MET H2 2025.354–2025.460,strong_structural_pending_book_or_provenance_boundary_confirmation,,,,pending_catalogue_concordance,,,wooden chest with Gusu print pasted inside
