id,accession_number,share_license_status,tombstone,current_location,title,title_in_original_language,series,series_in_original_language,creation_date,creation_date_earliest,creation_date_latest,artists_tags,culture,technique,support_materials,department,collection,type,measurements,state_of_the_work,edition_of_the_work,copyright,inscriptions,exhibitions,provenance,find_spot,related_works,former_accession_numbers,did_you_know,early_education_description,artlens_description,description,external_resources,citations,catalogue_raisonne,url,alternate_images,creditline,image_credit,sketchfab_id,sketchfab_url,gallery_donor_text,creators,image_web,image_print,image_full,updated_at
678453,2025.19,CC0,"Beautiful Autumn and Winter Landscapes (清鉴秋冬美境), 1736–95. China, Qing dynasty (1644–1911), Qianlong reign (1736–95). Hanging scroll; woodblock print; ink on paper; print only: 93.3 x 53.5 cm (36 3/4 x 21 1/16 in.); overall with mount: 182.2 x 64 cm (71 3/4 x 25 3/16 in.). The Cleveland Museum of Art, Purchase from the J. H. Wade Fund, 2025.19",,Beautiful Autumn and Winter Landscapes,清鉴秋冬美境,,,1736–95,1736,1795,[],"China, Qing dynasty (1644–1911), Qianlong reign (1736–95)",Hanging scroll; woodblock print; ink on paper,[],Chinese Art,ASIAN - Hanging scroll,Print,Print only: 93.3 x 53.5 cm (36 3/4 x 21 1/16 in.); Overall with mount: 182.2 x 64 cm (71 3/4 x 25 3/16 in.),,,,[],,"(Christer von der Burg, sold to the Cleveland Museum of Art) (?–2025); The Cleveland Museum of Art, Cleveland, OH (2025–)",,[],[],"In the 1600s, printing flourished in such Jiangnan cities as Nanjing, Suzhou, Hangzhou, and Huizhou, evolving from privately enjoyed illustrated books printed in color to more commercialized single-sheet color prints that were hung on walls and became part of the rich urban visual culture.",,,"Woodblock printing in color reached its height in China in the 1600s to 1700s. It was executed by means of sets of separate blocks, each carved to print a different color.","{'wikidata': [], 'internet_archive': []}",[],,https://clevelandart.org/art/2025.19,[],Purchase from the J. H. Wade Fund,,,,,[],,,,2026-06-26 11:50:57.473000
678462,2025.20,CC0,"Li Bai Writes a Poem Whilst Drunk In Huaqing Palace (華清宮李⽩醉酒寫詩), 1700s. China, Qing dynasty (1644–1911). Hanging scroll; polychrome woodblock print; ink and color on paper; print only: 101.4 x 49 cm (39 15/16 x 19 5/16 in.); overall: 177.1 x 62.2 cm (69 3/4 x 24 1/2 in.); with knobs: 67.8 cm (26 11/16 in.). The Cleveland Museum of Art, Purchase from the J. H. Wade Fund, 2025.20",,Li Bai Writes a Poem Whilst Drunk In Huaqing Palace,華清宮李⽩醉酒寫詩,,,1700s,1700,1799,[],"China, Qing dynasty (1644–1911)",Hanging scroll; polychrome woodblock print; ink and color on paper,[],Chinese Art,ASIAN - Hanging scroll,Print,Print only: 101.4 x 49 cm (39 15/16 x 19 5/16 in.); Overall: 177.1 x 62.2 cm (69 3/4 x 24 1/2 in.); with knobs: 67.8 cm (26 11/16 in.),,,,[],,"(Christer von der Burg, sold to the Cleveland Museum of Art) (?–2025); The Cleveland Museum of Art, Cleveland, OH (2025–)",,[],[],"In the seventeenth century, printing flourished in such Jiangnan cities as Nanjing, Suzhou, Hangzhou, and Huizhou, evolving from privately enjoyed illustrated books printed in color to more commercialized single-sheet color prints that were hung on walls and became part of the rich urban visual culture.",,,"Woodblock printing in color reached its height in China in the seventeenth to eighteenth centuries. It was executed by means of sets of separate blocks, each carved to print a different color.","{'wikidata': [], 'internet_archive': []}",[],,https://clevelandart.org/art/2025.20,[],Purchase from the J. H. Wade Fund,,,,,[],,,,2026-07-22 11:09:14.179000
678477,2025.21,CC0,"Part of Story of The Western Chamber (一部西廂總), 1736–95. China, Qing dynasty (1644–1911), Qianlong reign (1736–95). Hanging scroll; polychrome woodblock print; ink and color on paper; print only: 89 x 52.7 cm (35 1/16 x 20 3/4 in.); overall: 170.9 x 69 cm (67 5/16 x 27 3/16 in.); with knobs: 170.9 x 72.3 cm (67 5/16 x 28 7/16 in.). The Cleveland Museum of Art, Purchase from the J. H. Wade Fund, 2025.21",,Part of Story of The Western Chamber,一部西廂總,,,1736–95,1736,1795,[],"China, Qing dynasty (1644–1911), Qianlong reign (1736–95)",Hanging scroll; polychrome woodblock print; ink and color on paper,[],Chinese Art,ASIAN - Hanging scroll,Print,Print only: 89 x 52.7 cm (35 1/16 x 20 3/4 in.); Overall: 170.9 x 69 cm (67 5/16 x 27 3/16 in.); with knobs: 170.9 x 72.3 cm (67 5/16 x 28 7/16 in.),,,,[],,"(Christer von der Burg, sold to the Cleveland Museum of Art) (?–2025); The Cleveland Museum of Art, Cleveland, OH (2025–)",,[],[],"In the 1600s, printing flourished in such Jiangnan cities as Nanjing, Suzhou, Hangzhou, and Huizhou, evolving from privately enjoyed illustrated books printed in color to more commercialized single-sheet color prints that were hung on walls and became part of the rich urban visual culture.",,,"Woodblock printing in color reached its height in China in the 1600s to 1700s . It was executed by means of sets of separate blocks, each carved to print a different color.","{'wikidata': [], 'internet_archive': []}",[],,https://clevelandart.org/art/2025.21,"[{'web': {'url': 'https://openaccess-cdn.clevelandart.org/2025.21/2025.21_alt0_web.jpg', 'width': '394', 'height': '900', 'filesize': '74933'}, 'print': {'url': 'https://openaccess-cdn.clevelandart.org/2025.21/2025.21_alt0_print.jpg', 'width': '1488', 'height': '3400', 'filesize': '1023232'}, 'full': {'url': 'https://openaccess-cdn.clevelandart.org/2025.21/2025.21_alt0_full.tif', 'width': '4705', 'height': '10753', 'filesize': '151805946'}, 'date_created': '2025-02-18T15:39:01', 'annotation': ''}, {'web': {'url': 'https://openaccess-cdn.clevelandart.org/2025.21/2025.21_alt1_web.jpg', 'width': '395', 'height': '900', 'filesize': '159322'}, 'print': {'url': 'https://openaccess-cdn.clevelandart.org/2025.21/2025.21_alt1_print.jpg', 'width': '1494', 'height': '3400', 'filesize': '2505771'}, 'full': {'url': 'https://openaccess-cdn.clevelandart.org/2025.21/2025.21_alt1_full.tif', 'width': '4705', 'height': '10706', 'filesize': '151143958'}, 'date_created': '2025-02-18T15:35:30', 'annotation': ''}]",Purchase from the J. H. Wade Fund,,,,,[],https://openaccess-cdn.clevelandart.org/2025.21/2025.21_web.jpg,https://openaccess-cdn.clevelandart.org/2025.21/2025.21_print.jpg,https://openaccess-cdn.clevelandart.org/2025.21/2025.21_full.tif,2026-05-29 09:15:03.335000
678485,2025.22,CC0,"Scenic View of Pavilions by a Lake (亭畔勝景圖), 1736–95. China, Qing dynasty (1644–1911), Qianlong reign (1736–95). Hanging scroll; polychrome woodblock print; ink and color on paper; print only: 88.2 x 49.7 cm (34 3/4 x 19 9/16 in.); overall: 165.2 x 65.1 cm (65 1/16 x 25 5/8 in.); with knobs: 165.2 x 72.2 cm (65 1/16 x 28 7/16 in.). The Cleveland Museum of Art, Purchase from the J. H. Wade Fund, 2025.22",,Scenic View of Pavilions by a Lake,亭畔勝景圖,,,1736–95,1736,1795,[],"China, Qing dynasty (1644–1911), Qianlong reign (1736–95)",Hanging scroll; polychrome woodblock print; ink and color on paper,[],Chinese Art,ASIAN - Hanging scroll,Print,Print only: 88.2 x 49.7 cm (34 3/4 x 19 9/16 in.); Overall: 165.2 x 65.1 cm (65 1/16 x 25 5/8 in.); with knobs: 165.2 x 72.2 cm (65 1/16 x 28 7/16 in.),,,,[],,"(Christer von der Burg, sold to the Cleveland Museum of Art) (?–2025); The Cleveland Museum of Art, Cleveland, OH (2025–)",,[],[],"In the 1600s, printing flourished in such Jiangnan cities as Nanjing, Suzhou, Hangzhou, and Huizhou, evolving from privately enjoyed illustrated books printed in color to more commercialized single-sheet color prints that were hung on walls and became part of the rich urban visual culture.",,,"Woodblock printing in color reached its height in China in the 1600s to 1700s. It was executed by means of sets of separate blocks, each carved to print a different color.","{'wikidata': [], 'internet_archive': []}",[],,https://clevelandart.org/art/2025.22,[],Purchase from the J. H. Wade Fund,,,,,[],,,,2026-07-22 11:09:14.185000
678529,2025.23,CC0,"Mother and Sons (母子圖), 1736–95. Southeast China, Suzhou, Qing dynasty (1644–1911), Qianlong reign (1736–95). Hanging scroll; multicolor woodblock print on paper; print only: 98.4 x 56.2 cm (38 3/4 x 22 1/8 in.); overall: 179 x 67.1 cm (70 1/2 x 26 7/16 in.). The Cleveland Museum of Art, Purchase from the J. H. Wade Fund, 2025.23",,Mother and Sons,母子圖,,,1736–95,1736,1795,[],"Southeast China, Suzhou, Qing dynasty (1644–1911), Qianlong reign (1736–95)",Hanging scroll; multicolor woodblock print on paper,[],Chinese Art,ASIAN - Hanging scroll,Print,Print only: 98.4 x 56.2 cm (38 3/4 x 22 1/8 in.); Overall: 179 x 67.1 cm (70 1/2 x 26 7/16 in.),,,,[],"CURRENT: Print Revolutions: Chinese Impressions, 1630s–1960s (Nov 15, 2026)","(Christer von der Burg, sold to the Cleveland Museum of Art) (?–2025); The Cleveland Museum of Art, Cleveland, OH (2025–)",,[],[],"In the 1600s, printing flourished in such Jiangnan cities as Nanjing, Suzhou, Hangzhou, and Huizhou, evolving from privately enjoyed illustrated books printed in color to more commercialized single-sheet color prints that were hung on walls and became part of the rich urban visual culture.",,,"Woodblock printing in color reached its height in China in the 1600s to 1700s. It was executed by means of sets of separate blocks, each carved to print a different color.","{'wikidata': [], 'internet_archive': []}","von Spee, Clarissa. “18th-Century Prints from Suzhou.” <em>Cleveland Art: Cleveland Museum of Art Members Magazine </em>65, no. 3 (2025): 28–29. (Reproduced: p. 29);",,https://clevelandart.org/art/2025.23,"[{'web': {'url': 'https://openaccess-cdn.clevelandart.org/2025.23/2025.23_alt0_web.jpg', 'width': '352', 'height': '900', 'filesize': '79710'}, 'print': {'url': 'https://openaccess-cdn.clevelandart.org/2025.23/2025.23_alt0_print.jpg', 'width': '1331', 'height': '3400', 'filesize': '895784'}, 'full': {'url': 'https://openaccess-cdn.clevelandart.org/2025.23/2025.23_alt0_full.tif', 'width': '4487', 'height': '11464', 'filesize': '154344310'}, 'date_created': '2025-02-18T15:00:00', 'annotation': ''}, {'web': {'url': 'https://openaccess-cdn.clevelandart.org/2025.23/2025.23_alt1_web.jpg', 'width': '352', 'height': '900', 'filesize': '167079'}, 'print': {'url': 'https://openaccess-cdn.clevelandart.org/2025.23/2025.23_alt1_print.jpg', 'width': '1331', 'height': '3400', 'filesize': '1974901'}, 'full': {'url': 'https://openaccess-cdn.clevelandart.org/2025.23/2025.23_alt1_full.tif', 'width': '4487', 'height': '11464', 'filesize': '154346106'}, 'date_created': '2025-02-18T14:55:12', 'annotation': ''}]",Purchase from the J. H. Wade Fund,,,,,[],https://openaccess-cdn.clevelandart.org/2025.23/2025.23_web.jpg,https://openaccess-cdn.clevelandart.org/2025.23/2025.23_print.jpg,https://openaccess-cdn.clevelandart.org/2025.23/2025.23_full.tif,2026-08-13 11:44:38.216000
678537,2025.24,CC0,"A Quatrain about Peonies (牡丹一絕句), 1736–95. Southeast China, Suzhou, Qing dynasty (1644–1911), Qianlong reign (1736–95). Hanging scroll; polychrome woodblock print; ink and color on paper; print only: 109.6 x 52.3 cm (43 1/8 x 20 9/16 in.); overall: 198 x 64.6 cm (77 15/16 x 25 7/16 in.); with knobs: 198 x 71 cm (77 15/16 x 27 15/16 in.). The Cleveland Museum of Art, Purchase from the J. H. Wade Fund, 2025.24",,A Quatrain about Peonies,牡丹一絕句,,,1736–95,1736,1795,[],"Southeast China, Suzhou, Qing dynasty (1644–1911), Qianlong reign (1736–95)",Hanging scroll; polychrome woodblock print; ink and color on paper,[],Chinese Art,ASIAN - Hanging scroll,Print,Print only: 109.6 x 52.3 cm (43 1/8 x 20 9/16 in.); Overall: 198 x 64.6 cm (77 15/16 x 25 7/16 in.); with knobs: 198 x 71 cm (77 15/16 x 27 15/16 in.),,,,舞罷還疑掌上身，五銖衣薄不留塵。香風翠袖初開處，忽見瓊樓第一人,"CURRENT: Print Revolutions: Chinese Impressions, 1630s–1960s (Nov 15, 2026)","(Christer von der Burg, sold to the Cleveland Museum of Art) (?–2025); The Cleveland Museum of Art, Cleveland, OH (2025–)",,[],[],"In the 1600s, printing flourished in such Jiangnan cities as Nanjing, Suzhou, Hangzhou, and Huizhou, evolving from privately enjoyed illustrated books printed in color to more commercialized single-sheet color prints that were hung on walls and became part of the rich urban visual culture.",,,"Woodblock printing in color reached its height in China in the 1600s to 1700s. It was executed by means of sets of separate blocks, each carved to print a different color.","{'wikidata': [], 'internet_archive': []}",[],,https://clevelandart.org/art/2025.24,"[{'web': {'url': 'https://openaccess-cdn.clevelandart.org/2025.24/2025.24_alt0_web.jpg', 'width': '335', 'height': '900', 'filesize': '74915'}, 'print': {'url': 'https://openaccess-cdn.clevelandart.org/2025.24/2025.24_alt0_print.jpg', 'width': '1265', 'height': '3400', 'filesize': '902181'}, 'full': {'url': 'https://openaccess-cdn.clevelandart.org/2025.24/2025.24_alt0_full.tif', 'width': '4649', 'height': '12498', 'filesize': '174336922'}, 'date_created': '2025-02-18T14:49:10', 'annotation': ''}, {'web': {'url': 'https://openaccess-cdn.clevelandart.org/2025.24/2025.24_alt1_web.jpg', 'width': '335', 'height': '900', 'filesize': '116484'}, 'print': {'url': 'https://openaccess-cdn.clevelandart.org/2025.24/2025.24_alt1_print.jpg', 'width': '1265', 'height': '3400', 'filesize': '1314650'}, 'full': {'url': 'https://openaccess-cdn.clevelandart.org/2025.24/2025.24_alt1_full.tif', 'width': '4649', 'height': '12499', 'filesize': '174352182'}, 'date_created': '2025-02-18T14:39:31', 'annotation': ''}]",Purchase from the J. H. Wade Fund,,,,,[],https://openaccess-cdn.clevelandart.org/2025.24/2025.24_web.jpg,https://openaccess-cdn.clevelandart.org/2025.24/2025.24_print.jpg,https://openaccess-cdn.clevelandart.org/2025.24/2025.24_full.tif,2026-08-13 11:44:38.227000
678656,2025.25,CC0,"The Top Scholar Returns Home (狀元回家), 1736–95. China, Qing dynasty (1644–1911), Qianlong period (1736–95). Hanging scroll; polychrome woodblock print; ink and color on paper; print only: 52.7 x 75.3 cm (20 3/4 x 29 5/8 in.); overall: 144.9 x 91.2 cm (57 1/16 x 35 7/8 in.); with knobs: 144.9 x 98.1 cm (57 1/16 x 38 5/8 in.). The Cleveland Museum of Art, Purchase from the J. H. Wade Fund, 2025.25",,The Top Scholar Returns Home,狀元回家,,,1736–95,1736,1795,[],"China, Qing dynasty (1644–1911), Qianlong period (1736–95)",Hanging scroll; polychrome woodblock print; ink and color on paper,[],Chinese Art,ASIAN - Hanging scroll,Print,Print only: 52.7 x 75.3 cm (20 3/4 x 29 5/8 in.); Overall: 144.9 x 91.2 cm (57 1/16 x 35 7/8 in.); with knobs: 144.9 x 98.1 cm (57 1/16 x 38 5/8 in.),,,,[],,"(Christer von der Burg, sold to the Cleveland Museum of Art) (?–2025); The Cleveland Museum of Art, Cleveland, OH (2025–)",,[],[],"In the 1600s, printing flourished in such Jiangnan cities as Nanjing, Suzhou, Hangzhou, and Huizhou, evolving from privately enjoyed illustrated books printed in color to more commercialized single-sheet color prints that were hung on walls and became part of the rich urban visual culture.",,,"Woodblock printing in color reached its height in China in the 1600s to 1700s. It was executed by means of sets of separate blocks, each carved to print a different color.","{'wikidata': [], 'internet_archive': []}",[],,https://clevelandart.org/art/2025.25,[],Purchase from the J. H. Wade Fund,,,,,[],,,,2026-08-13 11:44:38.237000
678657,2025.26,CC0,"Portraits of the Outlaws of the Marsh (⽩滸綉像全圖), 1736–95. China, Qing dynasty (1644–1911), Qianlong reign (1736–95). Hanging scroll; polychrome woodblock print; ink and color on paper; print only: 60.1 x 101.7 cm (23 11/16 x 40 1/16 in.); overall: 148 x 110.5 cm (58 1/4 x 43 1/2 in.); with knobs: 148 x 116.2 cm (58 1/4 x 45 3/4 in.). The Cleveland Museum of Art, Purchase from the J. H. Wade Fund, 2025.26",,Portraits of the Outlaws of the Marsh,⽩滸綉像全圖,,,1736–95,1736,1795,[],"China, Qing dynasty (1644–1911), Qianlong reign (1736–95)",Hanging scroll; polychrome woodblock print; ink and color on paper,[],Chinese Art,China - Qing Dynasty,Print,Print only: 60.1 x 101.7 cm (23 11/16 x 40 1/16 in.); Overall: 148 x 110.5 cm (58 1/4 x 43 1/2 in.); with knobs: 148 x 116.2 cm (58 1/4 x 45 3/4 in.),,,,[],,"(Christer von der Burg, sold to the Cleveland Museum of Art) (?–2025); The Cleveland Museum of Art, Cleveland, OH (2025–)",,[],[],"In the 1600s, printing flourished in such Jiangnan cities as Nanjing, Suzhou, Hangzhou, and Huizhou, evolving from privately enjoyed illustrated books printed in color to more commercialized single-sheet color prints that were hung on walls and became part of the rich urban visual culture.",,,"Woodblock printing in color reached a height in China in the 1600s to 1700s. The prints were executed by means of sets of separate blocks, each carved to print a different color.","{'wikidata': [], 'internet_archive': []}",[],,https://clevelandart.org/art/2025.26,[],Purchase from the J. H. Wade Fund,,,,,[],,,,2026-06-18 11:45:48.184000
678658,2025.27,CC0,"Yang Guifei Strolls in a Garden (楊貴妃遊花園), 1736–95. China, Qing dynasty (1644–1911), Qianlong reign (1736–95). Hanging scroll; polychrome woodblock print; ink and color on paper; print only: 134.7 x 61 cm (53 1/16 x 24 in.); overall: 1962 x 74.1 cm (772 7/16 x 29 3/16 in.); with knobs: 192 x 79.6 cm (75 9/16 x 31 5/16 in.). The Cleveland Museum of Art, Purchase from the J. H. Wade Fund, 2025.27",,Yang Guifei Strolls in a Garden,楊貴妃遊花園,,,1736–95,1736,1795,[],"China, Qing dynasty (1644–1911), Qianlong reign (1736–95)",Hanging scroll; polychrome woodblock print; ink and color on paper,[],Chinese Art,ASIAN - Hanging scroll,Print,Print only: 134.7 x 61 cm (53 1/16 x 24 in.); Overall: 1962 x 74.1 cm (772 7/16 x 29 3/16 in.); with knobs: 192 x 79.6 cm (75 9/16 x 31 5/16 in.),,,,[],,"(Christer von der Burg, sold to the Cleveland Museum of Art) (?–2025); The Cleveland Museum of Art, Cleveland, OH (2025–)",,[],[],"In the 1600s, printing flourished in such Jiangnan cities as Nanjing, Suzhou, Hangzhou, and Huizhou, evolving from privately enjoyed illustrated books printed in color to more commercialized single-sheet color prints that were hung on walls and became part of the rich urban visual culture.",,,"Woodblock printing in color reached a height in China in the 1600s to 1700s. The prints were executed by means of sets of separate blocks, each carved to print a different color.","{'wikidata': [], 'internet_archive': []}",[],,https://clevelandart.org/art/2025.27,[],Purchase from the J. H. Wade Fund,,,,,[],,,,2026-06-26 11:50:57.485000
678659,2025.28,CC0,"Beauties with Bamboo and a Rose (竹葉月季雙美圖), 1796–1820. China, Qing dynasty (1644–1911), Jiaqing period (1796–1820). Hanging scroll; polychrome woodblock print; ink and color on paper; print only: 43.2 x 29.2 cm (17 x 11 1/2 in.); with knobs: 43.9 cm (17 5/16 in.). The Cleveland Museum of Art, Purchase from the J. H. Wade Fund, 2025.28",,Beauties with Bamboo and a Rose,竹葉月季雙美圖,,,1796–1820,1796,1820,[],"China, Qing dynasty (1644–1911), Jiaqing period (1796–1820)",Hanging scroll; polychrome woodblock print; ink and color on paper,[],Chinese Art,ASIAN - Hanging scroll,Print,Print only: 43.2 x 29.2 cm (17 x 11 1/2 in.); with knobs: 43.9 cm (17 5/16 in.),,,,[],,"(Christer von der Burg, sold to the Cleveland Museum of Art) (?–2025); The Cleveland Museum of Art, Cleveland, OH (2025–)",,[],[],"In the 1600s, printing flourished in such Jiangnan cities as Nanjing, Suzhou, Hangzhou, and Huizhou, evolving from privately enjoyed illustrated books printed in color to more commercialized single-sheet color prints that were hung on walls and became part of the rich urban visual culture.",,,"Woodblock printing in color reached a height in China in the 1600s to 1700s. The prints were executed by means of sets of separate blocks, each carved to print a different color.","{'wikidata': [], 'internet_archive': []}",[],,https://clevelandart.org/art/2025.28,[],Purchase from the J. H. Wade Fund,,,,,[],,,,2026-06-26 11:50:57.491000
678663,2025.29,CC0,"Rise in Rank and Attain Wealth (加官進祿), 1736–95. China, Qing dynasty (1644–1911), Qianlong reign (1736–95). Hanging scroll; polychrome woodblock print; ink and color on paper; print only: 55.5 x 29 cm (21 7/8 x 11 7/16 in.); overall: 152 x 43.9 cm (59 13/16 x 17 5/16 in.); with knobs: 152 x 49 cm (59 13/16 x 19 5/16 in.). The Cleveland Museum of Art, Purchase from the J. H. Wade Fund, 2025.29",,Rise in Rank and Attain Wealth,加官進祿,,,1736–95,1736,1795,[],"China, Qing dynasty (1644–1911), Qianlong reign (1736–95)",Hanging scroll; polychrome woodblock print; ink and color on paper,[],Chinese Art,ASIAN - Hanging scroll,Print,Print only: 55.5 x 29 cm (21 7/8 x 11 7/16 in.); Overall: 152 x 43.9 cm (59 13/16 x 17 5/16 in.); with knobs: 152 x 49 cm (59 13/16 x 19 5/16 in.),,,,[],,"(Christer von der Burg, sold to the Cleveland Museum of Art) (?–2025); The Cleveland Museum of Art, Cleveland, OH (2025–)",,[],[],"In the 1600s, printing flourished in such Jiangnan cities as Nanjing, Suzhou, Hangzhou, and Huizhou, evolving from privately enjoyed illustrated books printed in color to more commercialized single-sheet color prints that were hung on walls and became part of the rich urban visual culture.",,,"Woodblock printing in color reached a height in China in the 1600s to 1700s. The prints were executed by means of sets of separate blocks, each carved to print a different color.","{'wikidata': [], 'internet_archive': []}",[],,https://clevelandart.org/art/2025.29,"[{'web': {'url': 'https://openaccess-cdn.clevelandart.org/2025.29/2025.29_alt0_web.jpg', 'width': '334', 'height': '900', 'filesize': '95436'}, 'print': {'url': 'https://openaccess-cdn.clevelandart.org/2025.29/2025.29_alt0_print.jpg', 'width': '1260', 'height': '3400', 'filesize': '1341021'}, 'full': {'url': 'https://openaccess-cdn.clevelandart.org/2025.29/2025.29_alt0_full.tif', 'width': '3785', 'height': '10217', 'filesize': '116040740'}, 'date_created': '2025-10-31T13:19:05', 'annotation': ''}]",Purchase from the J. H. Wade Fund,,,,,[],https://openaccess-cdn.clevelandart.org/2025.29/2025.29_web.jpg,https://openaccess-cdn.clevelandart.org/2025.29/2025.29_print.jpg,https://openaccess-cdn.clevelandart.org/2025.29/2025.29_full.tif,2026-06-26 11:50:57.501000
678664,2025.30,CC0,"The Two Immortals of Harmony and Unity (和合二仙), 1736–95. China, Qing dynasty (1644–1911), Qianlong reign (1736–95). Polychrome woodblock print; ink and color on paper; print only: 93 x 45.6 cm (36 5/8 x 17 15/16 in.); overall with mount: 198 x 64.5 cm (77 15/16 x 25 3/8 in.). The Cleveland Museum of Art, Purchase from the J. H. Wade Fund, 2025.30",,The Two Immortals of Harmony and Unity,和合二仙,,,1736–95,1736,1795,[],"China, Qing dynasty (1644–1911), Qianlong reign (1736–95)",Polychrome woodblock print; ink and color on paper,[],Chinese Art,ASIAN - Hanging scroll,Print,Print only: 93 x 45.6 cm (36 5/8 x 17 15/16 in.); Overall with mount: 198 x 64.5 cm (77 15/16 x 25 3/8 in.),,,,[],,"(Christer von der Burg, sold to the Cleveland Museum of Art) (?–2025); The Cleveland Museum of Art, Cleveland, OH (2025–)",,[],[],"In the 1600s, printing flourished in such Jiangnan cities as Nanjing, Suzhou, Hangzhou, and Huizhou, evolving from privately enjoyed illustrated books printed in color to more commercialized single-sheet color prints that were hung on walls and became part of the rich urban visual culture.",,,"Woodblock printing in color reached a height in China in the 1600s to 1700s. The prints were executed by means of sets of separate blocks, each carved to print a different color.","{'wikidata': [], 'internet_archive': []}",[],,https://clevelandart.org/art/2025.30,[],Purchase from the J. H. Wade Fund,,,,,[],,,,2026-06-26 11:50:57.511000
679031,2025.31,CC0,"The Two Immortals of Harmony and Unity (和合二仙), 1736–95. China, Qing dynasty (1644–1911), Qianlong reign (1736–95). Hanging scroll; polychrome woodblock print; ink and color on paper; print only: 120.7 x 54.1 cm (47 1/2 x 21 5/16 in.); overall: 177.9 x 61.2 cm (70 1/16 x 24 1/8 in.); with knobs: 177.9 x 66.3 cm (70 1/16 x 26 1/8 in.). The Cleveland Museum of Art, Purchase from the J. H. Wade Fund, 2025.31",,The Two Immortals of Harmony and Unity,和合二仙,,,1736–95,1736,1795,[],"China, Qing dynasty (1644–1911), Qianlong reign (1736–95)",Hanging scroll; polychrome woodblock print; ink and color on paper,[],Chinese Art,ASIAN - Hanging scroll,Print,Print only: 120.7 x 54.1 cm (47 1/2 x 21 5/16 in.); Overall: 177.9 x 61.2 cm (70 1/16 x 24 1/8 in.); with knobs: 177.9 x 66.3 cm (70 1/16 x 26 1/8 in.),,,,[],,"(Christer von der Burg, sold to the Cleveland Museum of Art) (?–2025); The Cleveland Museum of Art, Cleveland, OH (2025–)",,[],[],"In the 1600s, printing flourished in such Jiangnan cities as Nanjing, Suzhou, Hangzhou, and Huizhou, evolving from privately enjoyed illustrated books printed in color to more commercialized single-sheet color prints that were hung on walls and became part of the rich urban visual culture.",,,"Woodblock printing in color reached a height in China in the 1600s to 1700s. The prints were executed by means of sets of separate blocks, each carved to print a different color.","{'wikidata': [], 'internet_archive': []}",[],,https://clevelandart.org/art/2025.31,"[{'web': {'url': 'https://openaccess-cdn.clevelandart.org/2025.31/2025.31_alt0_web.jpg', 'width': '360', 'height': '900', 'filesize': '128623'}, 'print': {'url': 'https://openaccess-cdn.clevelandart.org/2025.31/2025.31_alt0_print.jpg', 'width': '1359', 'height': '3400', 'filesize': '1485755'}, 'full': {'url': 'https://openaccess-cdn.clevelandart.org/2025.31/2025.31_alt0_full.tif', 'width': '5217', 'height': '13048', 'filesize': '120570378'}, 'date_created': '2025-12-03T12:33:12', 'annotation': ''}]",Purchase from the J. H. Wade Fund,,,,,[],https://openaccess-cdn.clevelandart.org/2025.31/2025.31_web.jpg,https://openaccess-cdn.clevelandart.org/2025.31/2025.31_print.jpg,https://openaccess-cdn.clevelandart.org/2025.31/2025.31_full.tif,2026-06-26 11:50:57.518000
679032,2025.32,CC0,"The Two Immortals of Harmony and Unity (和合二仙), 1736–95. China, Qing dynasty (1644–1911), Qianlong reign (1736–95). Polychrome woodblock print; ink and color on paper. The Cleveland Museum of Art, Purchase from the J. H. Wade Fund, 2025.32",,The Two Immortals of Harmony and Unity,和合二仙,,,1736–95,1736,1795,[],"China, Qing dynasty (1644–1911), Qianlong reign (1736–95)",Polychrome woodblock print; ink and color on paper,[],Chinese Art,ASIAN - Hanging scroll,Print,,,,,[],,"(Christer von der Burg, sold to the Cleveland Museum of Art) (?–2025); The Cleveland Museum of Art, Cleveland, OH (2025–)",,[],[],"In the 1600s, printing flourished in such Jiangnan cities as Nanjing, Suzhou, Hangzhou, and Huizhou, evolving from privately enjoyed illustrated books printed in color to more commercialized single-sheet color prints that were hung on walls and became part of the rich urban visual culture.",,,"Woodblock printing in color reached a height in China in the 1600s to 1700s. The prints were executed by means of sets of separate blocks, each carved to print a different color.","{'wikidata': [], 'internet_archive': []}",[],,https://clevelandart.org/art/2025.32,"[{'web': {'url': 'https://openaccess-cdn.clevelandart.org/2025.32/2025.32_alt0_web.jpg', 'width': '414', 'height': '900', 'filesize': '110482'}, 'print': {'url': 'https://openaccess-cdn.clevelandart.org/2025.32/2025.32_alt0_print.jpg', 'width': '1563', 'height': '3400', 'filesize': '1668974'}, 'full': {'url': 'https://openaccess-cdn.clevelandart.org/2025.32/2025.32_alt0_full.tif', 'width': '6126', 'height': '13328', 'filesize': '244970168'}, 'date_created': '2025-05-21T10:05:36', 'annotation': ''}]",Purchase from the J. H. Wade Fund,,,,,[],https://openaccess-cdn.clevelandart.org/2025.32/2025.32_web.jpg,https://openaccess-cdn.clevelandart.org/2025.32/2025.32_print.jpg,https://openaccess-cdn.clevelandart.org/2025.32/2025.32_full.tif,2026-05-29 09:15:56.743000
679033,2025.33,CC0,"The God of War (關羽), 1662–1722. China, Qing dynasty (1644–1911), Kangxi reign (1622–1722). Hanging scroll; polychrome woodblock print; ink and color on paper; print only: 92.6 x 59 cm (36 7/16 x 23 1/4 in.); overall with mount: 174.4 x 68.8 cm (68 11/16 x 27 1/16 in.). The Cleveland Museum of Art, Purchase from the J. H. Wade Fund, 2025.33",,The God of War,關羽,,,1662–1722,1662,1722,[],"China, Qing dynasty (1644–1911), Kangxi reign (1622–1722)",Hanging scroll; polychrome woodblock print; ink and color on paper,[],Chinese Art,ASIAN - Hanging scroll,Print,Print only: 92.6 x 59 cm (36 7/16 x 23 1/4 in.); Overall with mount: 174.4 x 68.8 cm (68 11/16 x 27 1/16 in.),,,,[],,"(Christer von der Burg, sold to the Cleveland Museum of Art) (?–2025); The Cleveland Museum of Art, Cleveland, OH (2025–)",,[],[],"Woodblock printing in color reached a height in China in the 1600s to 1700s. The prints were executed by means of sets of separate blocks, each carved to print a different color.",,,"In the 1600s, printing flourished in such Jiangnan cities as Nanjing, Suzhou, Hangzhou, and Huizhou, evolving from privately enjoyed illustrated books printed in color to more commercialized single-sheet color prints that were hung on walls and became part of the rich urban visual culture.","{'wikidata': [], 'internet_archive': []}",[],,https://clevelandart.org/art/2025.33,[],Purchase from the J. H. Wade Fund,,,,,[],,,,2026-06-26 11:50:57.524000
679034,2025.34,CC0,"Playing with an Infant (嬰戲圖), 1736–95. China, Qing dynasty (1644–1911), Qianlong reign (1736–95). Polychrome woodblock print; ink and color on paper; 72.6 x 46 cm (28 9/16 x 18 1/8 in.). The Cleveland Museum of Art, Purchase from the J. H. Wade Fund, 2025.34",,Playing with an Infant,嬰戲圖,,,1736–95,1736,1795,[],"China, Qing dynasty (1644–1911), Qianlong reign (1736–95)",Polychrome woodblock print; ink and color on paper,[],Chinese Art,China - Qing Dynasty,Print,72.6 x 46 cm (28 9/16 x 18 1/8 in.),,,,[],,"(Christer von der Burg, sold to the Cleveland Museum of Art) (?–2025); The Cleveland Museum of Art, Cleveland, OH (2025–)",,[],[],"Woodblock printing in color reached a height in China in the 1600s to 1700s. The prints were executed by means of sets of separate blocks, each carved to print a different color.",,,"In the 1600s, printing flourished in such Jiangnan cities as Nanjing, Suzhou, Hangzhou, and Huizhou, evolving from privately enjoyed illustrated books printed in color to more commercialized single-sheet color prints that were hung on walls and became part of the rich urban visual culture.","{'wikidata': [], 'internet_archive': []}",[],,https://clevelandart.org/art/2025.34,[],Purchase from the J. H. Wade Fund,,,,,[],,,,2026-05-29 09:15:57.199000
679035,2025.35,CC0,"Double Happiness Character (雙喜字), 1736–95. China, Qing dynasty (1644–1911), Qianlong reign (1736–95). Polychrome woodblock print; ink and color on paper; 93.7 x 54 cm (36 7/8 x 21 1/4 in.). The Cleveland Museum of Art, Purchase from the J. H. Wade Fund, 2025.35",,Double Happiness Character,雙喜字,,,1736–95,1736,1795,[],"China, Qing dynasty (1644–1911), Qianlong reign (1736–95)",Polychrome woodblock print; ink and color on paper,[],Chinese Art,Chinese Art,Print,93.7 x 54 cm (36 7/8 x 21 1/4 in.),,,,[],,"(Christer von der Burg, sold to the Cleveland Museum of Art) (?–2025); The Cleveland Museum of Art, Cleveland, OH (2025–)",,[],[],"Woodblock printing in color reached a height in China in the 1600s to 1700s. The prints were executed by means of sets of separate blocks, each carved to print a different color.",,,"In the 1600s, printing flourished in such Jiangnan cities as Nanjing, Suzhou, Hangzhou, and Huizhou, evolving from privately enjoyed illustrated books printed in color to more commercialized single-sheet color prints that were hung on walls and became part of the rich urban visual culture.","{'wikidata': [], 'internet_archive': []}",[],,https://clevelandart.org/art/2025.35,[],Purchase from the J. H. Wade Fund,,,,,[],,,,2026-05-29 09:15:57.312000
679036,2025.36,CC0,"Mother with Sons Playing Music (母子奏樂圖), 1736–95. China, Qing dynasty (1644–1911), Qianlong reign (1736–95). Polychrome woodblock print; ink and color on paper; print only: 96.8 x 50.8 cm (38 1/8 x 20 in.); with mount: 109.5 x 57.5 cm (43 1/8 x 22 5/8 in.). The Cleveland Museum of Art, Purchase from the J. H. Wade Fund, 2025.36",,Mother with Sons Playing Music,母子奏樂圖,,,1736–95,1736,1795,[],"China, Qing dynasty (1644–1911), Qianlong reign (1736–95)",Polychrome woodblock print; ink and color on paper,[],Chinese Art,ASIAN - Hanging scroll,Print,Print only: 96.8 x 50.8 cm (38 1/8 x 20 in.); With mount: 109.5 x 57.5 cm (43 1/8 x 22 5/8 in.),,,,[],,"(Christer von der Burg, sold to the Cleveland Museum of Art) (?–2025); The Cleveland Museum of Art, Cleveland, OH (2025–)",,[],[],"Woodblock printing in color reached a height in China in the 1600s to 1700s. The prints were executed by means of sets of separate blocks, each carved to print a different color.",,,"In the 1600s, printing flourished in such Jiangnan cities as Nanjing, Suzhou, Hangzhou, and Huizhou, evolving from privately enjoyed illustrated books printed in color to more commercialized single-sheet color prints that were hung on walls and became part of the rich urban visual culture.","{'wikidata': [], 'internet_archive': []}",[],,https://clevelandart.org/art/2025.36,[],Purchase from the J. H. Wade Fund,,,,,[],,,,2026-05-29 09:15:57.718000
679037,2025.37,CC0,"Spring Swallows Bring Good Tidings (春燕報喜圖), 1736–95. China, Qing dynasty (1644–1911), Qianlong reign (1736–95). Polychrome woodblock print; ink and color on paper; print only: 73.1 x 47.5 cm (28 3/4 x 18 11/16 in.); overall: 91.6 x 53 cm (36 1/16 x 20 7/8 in.). The Cleveland Museum of Art, Purchase from the J. H. Wade Fund, 2025.37",,Spring Swallows Bring Good Tidings,春燕報喜圖,,,1736–95,1736,1795,[],"China, Qing dynasty (1644–1911), Qianlong reign (1736–95)",Polychrome woodblock print; ink and color on paper,[],Chinese Art,ASIAN - Hanging scroll,Print,Print only: 73.1 x 47.5 cm (28 3/4 x 18 11/16 in.); Overall: 91.6 x 53 cm (36 1/16 x 20 7/8 in.),,,,[],,"(Christer von der Burg, sold to the Cleveland Museum of Art) (?–2025); The Cleveland Museum of Art, Cleveland, OH (2025–)",,[],[],"Woodblock printing in color reached a height in China in the 1600s to 1700s. The prints were executed by means of sets of separate blocks, each carved to print a different color.",,,"In the 1600s, printing flourished in such Jiangnan cities as Nanjing, Suzhou, Hangzhou, and Huizhou, evolving from privately enjoyed illustrated books printed in color to more commercialized single-sheet color prints that were hung on walls and became part of the rich urban visual culture.","{'wikidata': [], 'internet_archive': []}",[],,https://clevelandart.org/art/2025.37,[],Purchase from the J. H. Wade Fund,,,,,[],,,,2026-05-29 09:15:57.622000
679039,2025.38,CC0,"Peacocks with Mother and Son (孔雀母子圖), 1736–95. China, Qing dynasty (1644–1911), Qianlong reign (1736–95). Polychrome woodblock print; ink and color on paper; print only: 90 x 54.7 cm (35 7/16 x 21 9/16 in.); overall: 102 x 600.3 cm (40 3/16 x 236 5/16 in.). The Cleveland Museum of Art, Purchase from the J. H. Wade Fund, 2025.38",,Peacocks with Mother and Son,孔雀母子圖,,,1736–95,1736,1795,[],"China, Qing dynasty (1644–1911), Qianlong reign (1736–95)",Polychrome woodblock print; ink and color on paper,[],Chinese Art,ASIAN - Hanging scroll,Print,Print only: 90 x 54.7 cm (35 7/16 x 21 9/16 in.); Overall: 102 x 600.3 cm (40 3/16 x 236 5/16 in.),,,,[],,"(Christer von der Burg, sold to the Cleveland Museum of Art) (?–2025); The Cleveland Museum of Art, Cleveland, OH (2025–)",,[],[],"Woodblock printing in color reached a height in China in the 1600s to 1700s. The prints were executed by means of sets of separate blocks, each carved to print a different color.",,,"In the 1600s, printing flourished in such Jiangnan cities as Nanjing, Suzhou, Hangzhou, and Huizhou, evolving from privately enjoyed illustrated books printed in color to more commercialized single-sheet color prints that were hung on walls and became part of the rich urban visual culture.","{'wikidata': [], 'internet_archive': []}",[],,https://clevelandart.org/art/2025.38,[],Purchase from the J. H. Wade Fund,,,,,[],,,,2026-05-29 09:15:57.795000
679040,2025.39,CC0,"Happy Birds in a Spring Garden (春苑喜鳥圖), 1736–95. China, Qing dynasty (1644–1911), Qianlong reign (1736–95). Polychrome woodblock print; ink and color on paper; 88.2 x 42 cm (34 3/4 x 16 9/16 in.). The Cleveland Museum of Art, Purchase from the J. H. Wade Fund, 2025.39",,Happy Birds in a Spring Garden,春苑喜鳥圖,,,1736–95,1736,1795,[],"China, Qing dynasty (1644–1911), Qianlong reign (1736–95)",Polychrome woodblock print; ink and color on paper,[],Chinese Art,China - Qing Dynasty,Print,88.2 x 42 cm (34 3/4 x 16 9/16 in.),,,,"信德號 姑蘇管瑞玉頂細西洋畫發客; The 10 scenes on the four prints are identified by their titles: 
Print one: 1. Remnant Snow on Broken Bridge (Duanqiao canxue, 斷橋殘雪), 2. Lotus Breeze at Qu Winery (Quyuan fenghe, 曲院風河 [sic]). 
Print two: 3. Autumn Moon over Placid Lake (Pinghu qiuyue, 平湖秋月), 4. Twin Peaks Piercing the Clouds (Liangfeng chayun, 兩峰插云), 5. Spring Dawn at Su Dike (Sudi chunxiao, 蘇 堤春曉), 11. The emperor’s temporary palace (xinggong, 行宮). 
Print three: 6. Listening to the Orioles by the Willow Ripples (Liulang wenying, 柳浪 聞鶯), 7. Three Stupas and the Reflecting Moon (Santan yinyue, 三潭印月). 
Print four: 8. Watching Fish at Flower Cove (Huagang guanyu, 花港觀魚), 9. Sunset at Leifeng Pagoda (Leifeng xizhao, 雷峰夕照). 10. Evening Bell from Nanping Hill (Nanping wanzhong, 南屏晚鍾.) 
In print two, 11. the emperor’s temporary palace (xinggong 行宮) is also identified.",,"(Christer von der Burg, sold to the Cleveland Museum of Art) (?–2025); The Cleveland Museum of Art, Cleveland, OH (2025–)",,[],[],"Woodblock printing in color reached a height in China in the 1600s to 1700s. The prints were executed by means of sets of separate blocks, each carved to print a different color.",,,"In the 1600s, printing flourished in such Jiangnan cities as Nanjing, Suzhou, Hangzhou, and Huizhou, evolving from privately enjoyed illustrated books printed in color to more commercialized single-sheet color prints that were hung on walls and became part of the rich urban visual culture.","{'wikidata': [], 'internet_archive': []}",[],,https://clevelandart.org/art/2025.39,[],Purchase from the J. H. Wade Fund,,,,,[],,,,2026-05-29 09:15:58.028000
679051,2025.40,CC0,"The God of War (關羽), 1662–1735. China, Qing dynasty (1644–1911), Kangxi reign (1622–1722) to Yongzheng reign (1723–35). Polychrome woodblock print; ink and color on paper; print only: 107.9 x 54 cm (42 1/2 x 21 1/4 in.). The Cleveland Museum of Art, Purchase from the J. H. Wade Fund, 2025.40",,The God of War,關羽,,,1662–1735,1662,1735,[],"China, Qing dynasty (1644–1911), Kangxi reign (1622–1722) to Yongzheng reign (1723–35)",Polychrome woodblock print; ink and color on paper,[],Chinese Art,ASIAN - Hanging scroll,Print,Print only: 107.9 x 54 cm (42 1/2 x 21 1/4 in.),,,,[],,"(Christer von der Burg, sold to the Cleveland Museum of Art) (?–2025); The Cleveland Museum of Art, Cleveland, OH (2025–)",,[],[],"Woodblock printing in color reached a height in China in the 1600s to 1700s. The prints were executed by means of sets of separate blocks, each carved to print a different color.",,,"In the 1600s, printing flourished in such Jiangnan cities as Nanjing, Suzhou, Hangzhou, and Huizhou, evolving from privately enjoyed illustrated books printed in color to more commercialized single-sheet color prints that were hung on walls and became part of the rich urban visual culture.","{'wikidata': [], 'internet_archive': []}",[],,https://clevelandart.org/art/2025.40,[],Purchase from the J. H. Wade Fund,,,,,[],,,,2026-05-29 09:15:58.112000
679052,2025.44,CC0,"Zhang Xian Shoots the Heavenly Dog (張仙射天狗), 1821–50. China, Qing dynasty (1644–1911), Daoguang reign (1821–50). Polychrome woodblock print; ink and color on paper; 108.5 x 57.9 cm (42 11/16 x 22 13/16 in.). The Cleveland Museum of Art, Purchase from the J. H. Wade Fund, 2025.44",,Zhang Xian Shoots the Heavenly Dog,張仙射天狗,,,1821–50,1821,1850,[],"China, Qing dynasty (1644–1911), Daoguang reign (1821–50)",Polychrome woodblock print; ink and color on paper,[],Chinese Art,China - Qing Dynasty,Print,108.5 x 57.9 cm (42 11/16 x 22 13/16 in.),,,,[],,"(Christer von der Burg, sold to the Cleveland Museum of Art) (?–2025); The Cleveland Museum of Art, Cleveland, OH (2025–)",,[],[],"Woodblock printing in color reached a height in China in the 1600s to 1700s. The prints were executed by means of sets of separate blocks, each carved to print a different color.",,,"In the 1600s, printing flourished in such Jiangnan cities as Nanjing, Suzhou, Hangzhou, and Huizhou, evolving from privately enjoyed illustrated books printed in color to more commercialized single-sheet color prints that were hung on walls and became part of the rich urban visual culture.","{'wikidata': [], 'internet_archive': []}",[],,https://clevelandart.org/art/2025.44,"[{'web': {'url': 'https://openaccess-cdn.clevelandart.org/2025.44/2025.44_alt0_web.jpg', 'width': '497', 'height': '900', 'filesize': '168105'}, 'print': {'url': 'https://openaccess-cdn.clevelandart.org/2025.44/2025.44_alt0_print.jpg', 'width': '1879', 'height': '3400', 'filesize': '2991958'}, 'full': {'url': 'https://openaccess-cdn.clevelandart.org/2025.44/2025.44_alt0_full.tif', 'width': '6787', 'height': '12281', 'filesize': '250080998'}, 'date_created': '2025-05-02T11:46:23', 'annotation': ''}]",Purchase from the J. H. Wade Fund,,,,,[],https://openaccess-cdn.clevelandart.org/2025.44/2025.44_web.jpg,https://openaccess-cdn.clevelandart.org/2025.44/2025.44_print.jpg,https://openaccess-cdn.clevelandart.org/2025.44/2025.44_full.tif,2026-05-29 09:15:58.644000
679053,2025.42,CC0,"Lady watching a swallow, 1736–95. China, Qing dynasty (1644–1911), Qianlong reign (1736–95). Hanging scroll; multicolor woodblock print on paper; print only: 68.5 x 44.6 cm (26 15/16 x 17 9/16 in.); mounted: 219 x 64 cm (86 1/4 x 25 3/16 in.). The Cleveland Museum of Art, Purchase from the J. H. Wade Fund, 2025.42",,Lady watching a swallow,,,,1736–95,1736,1795,[],"China, Qing dynasty (1644–1911), Qianlong reign (1736–95)",Hanging scroll; multicolor woodblock print on paper,[],Chinese Art,ASIAN - Hanging scroll,Print,Print only: 68.5 x 44.6 cm (26 15/16 x 17 9/16 in.); Mounted: 219 x 64 cm (86 1/4 x 25 3/16 in.),,,,[],"CURRENT: Print Revolutions: Chinese Impressions, 1630s–1960s (Nov 15, 2026)","(Christer von der Burg, sold to the Cleveland Museum of Art) (?–2025); The Cleveland Museum of Art, Cleveland, OH (2025–)",,[],[],"Woodblock printing in color reached a height in China in the 1600s to 1700s. The prints were executed by means of sets of separate blocks, each carved to print a different color.",,,"In the 1600s, printing flourished in such Jiangnan cities as Nanjing, Suzhou, Hangzhou, and Huizhou, evolving from privately enjoyed illustrated books printed in color to more commercialized single-sheet color prints that were hung on walls and became part of the rich urban visual culture.","{'wikidata': [], 'internet_archive': []}",[],,https://clevelandart.org/art/2025.42,"[{'web': {'url': 'https://openaccess-cdn.clevelandart.org/2025.42/2025.42_alt0_web.jpg', 'width': '568', 'height': '900', 'filesize': '151049'}, 'print': {'url': 'https://openaccess-cdn.clevelandart.org/2025.42/2025.42_alt0_print.jpg', 'width': '2147', 'height': '3400', 'filesize': '3076165'}, 'full': {'url': 'https://openaccess-cdn.clevelandart.org/2025.42/2025.42_alt0_full.tif', 'width': '7393', 'height': '11708', 'filesize': '259699466'}, 'date_created': '2025-02-14T15:37:01', 'annotation': ''}]",Purchase from the J. H. Wade Fund,,,,,[],https://openaccess-cdn.clevelandart.org/2025.42/2025.42_web.jpg,https://openaccess-cdn.clevelandart.org/2025.42/2025.42_print.jpg,https://openaccess-cdn.clevelandart.org/2025.42/2025.42_full.tif,2026-08-13 11:44:38.247000
679054,2025.43,CC0,"Lady with water basin, 1736–95. China, Qing dynasty (1644–1911), Qianlong reign (1736–95). Hanging scroll; multicolor woodblock print on paper; print only: 68.5 x 45.7 cm (26 15/16 x 18 in.); mounted: 219 x 64 cm (86 1/4 x 25 3/16 in.). The Cleveland Museum of Art, Purchase from the J. H. Wade Fund, 2025.43",,Lady with water basin,,,,1736–95,1736,1795,[],"China, Qing dynasty (1644–1911), Qianlong reign (1736–95)",Hanging scroll; multicolor woodblock print on paper,[],Chinese Art,ASIAN - Hanging scroll,Print,Print only: 68.5 x 45.7 cm (26 15/16 x 18 in.); Mounted: 219 x 64 cm (86 1/4 x 25 3/16 in.),,,,[],"CURRENT: Print Revolutions: Chinese Impressions, 1630s–1960s (Nov 15, 2026)","(Christer von der Burg, sold to the Cleveland Museum of Art) (?–2025); The Cleveland Museum of Art, Cleveland, OH (2025–)",,[],[],"Woodblock printing in color reached a height in China in the 1600s to 1700s. The prints were executed by means of sets of separate blocks, each carved to print a different color.",,,"In the 1600s, printing flourished in such Jiangnan cities as Nanjing, Suzhou, Hangzhou, and Huizhou, evolving from privately enjoyed illustrated books printed in color to more commercialized single-sheet color prints that were hung on walls and became part of the rich urban visual culture.","{'wikidata': [], 'internet_archive': []}",[],,https://clevelandart.org/art/2025.43,"[{'web': {'url': 'https://openaccess-cdn.clevelandart.org/2025.43/2025.43_alt0_web.jpg', 'width': '560', 'height': '900', 'filesize': '143987'}, 'print': {'url': 'https://openaccess-cdn.clevelandart.org/2025.43/2025.43_alt0_print.jpg', 'width': '2114', 'height': '3400', 'filesize': '2955281'}, 'full': {'url': 'https://openaccess-cdn.clevelandart.org/2025.43/2025.43_alt0_full.tif', 'width': '7393', 'height': '11888', 'filesize': '263691830'}, 'date_created': '2025-02-14T15:31:18', 'annotation': ''}]",Purchase from the J. H. Wade Fund,,,,,[],https://openaccess-cdn.clevelandart.org/2025.43/2025.43_web.jpg,https://openaccess-cdn.clevelandart.org/2025.43/2025.43_print.jpg,https://openaccess-cdn.clevelandart.org/2025.43/2025.43_full.tif,2026-08-13 11:44:38.256000
679056,2025.41,CC0,"Zhang Xian Shoots the Heavenly Dog (張仙射天狗), 1736–95. China, Qing dynasty (1644–1911), Qianlong reign (1736–95). Polychrome woodblock print; ink and color on paper; print only: 49.5 x 26.6 cm (19 1/2 x 10 1/2 in.). The Cleveland Museum of Art, Purchase from the J. H. Wade Fund, 2025.41",,Zhang Xian Shoots the Heavenly Dog,張仙射天狗,,,1736–95,1736,1795,[],"China, Qing dynasty (1644–1911), Qianlong reign (1736–95)",Polychrome woodblock print; ink and color on paper,[],Chinese Art,China - Qing Dynasty,Print,Print only: 49.5 x 26.6 cm (19 1/2 x 10 1/2 in.),,,,[],,"(Christer von der Burg, sold to the Cleveland Museum of Art) (?–2025); The Cleveland Museum of Art, Cleveland, OH (2025–)",,[],[],"Woodblock printing in color reached a height in China in the 1600s to 1700s. The prints were executed by means of sets of separate blocks, each carved to print a different color.",,,"In the 1600s, printing flourished in such Jiangnan cities as Nanjing, Suzhou, Hangzhou, and Huizhou, evolving from privately enjoyed illustrated books printed in color to more commercialized single-sheet color prints that were hung on walls and became part of the rich urban visual culture.","{'wikidata': [], 'internet_archive': []}",[],,https://clevelandart.org/art/2025.41,[],Purchase from the J. H. Wade Fund,,,,,[],,,,2026-05-29 09:15:59.388000
679059,2025.45,Copyrighted,"The God of War (關羽), 1950s. China. Polychrome woodblock print; ink and color on paper; 108.4 x 57.7 cm (42 11/16 x 22 11/16 in.). The Cleveland Museum of Art, Purchase from the J. H. Wade Fund, 2025.45",,The God of War,關羽,,,1950s,1950,1959,[],China,Polychrome woodblock print; ink and color on paper,[],Chinese Art,Chinese Art,Print,108.4 x 57.7 cm (42 11/16 x 22 11/16 in.),,,,[],,"(Christer von der Burg, sold to the Cleveland Museum of Art) (?–2025); The Cleveland Museum of Art, Cleveland, OH (2025–)",,[],[],"Woodblock printing in color reached a height in China in the 1600s to 1700s. The prints were executed by means of sets of separate blocks, each carved to print a different color.",,,"In the 1600s, printing flourished in such Jiangnan cities as Nanjing, Suzhou, Hangzhou, and Huizhou, evolving from privately enjoyed illustrated books printed in color to more commercialized single-sheet color prints that were hung on walls and became part of the rich urban visual culture.","{'wikidata': [], 'internet_archive': []}",[],,https://clevelandart.org/art/2025.45,[],Purchase from the J. H. Wade Fund,,,,,[],,,,2026-05-01 06:55:33.660000
679060,2025.46,CC0,"Gusu Beauties of the Four Seasons – Summer (四季姑蘇美人圖 - 夏), 1736–95. Southeast China, Suzhou Qing dynasty (1644–1911), Qianlong period (1736–95). Multicolor woodblock print; ink and color on paper, framed; print only: 105.7 x 56 cm (41 5/8 x 22 1/16 in.); print only: 107.5 x 57 cm (42 5/16 x 22 7/16 in.); overall: 113.5 x 63 cm (44 11/16 x 24 13/16 in.). The Cleveland Museum of Art, Purchase from the J. H. Wade Fund, 2025.46",,Gusu Beauties of the Four Seasons – Summer,四季姑蘇美人圖 - 夏,,,1736–95,1736,1795,[],"Southeast China, Suzhou Qing dynasty (1644–1911), Qianlong period (1736–95)","Multicolor woodblock print; ink and color on paper, framed",[],Chinese Art,China - Qing Dynasty,Print,Print only: 105.7 x 56 cm (41 5/8 x 22 1/16 in.); Print only: 107.5 x 57 cm (42 5/16 x 22 7/16 in.); Overall: 113.5 x 63 cm (44 11/16 x 24 13/16 in.),,,,[],"CURRENT: Print Revolutions: Chinese Impressions, 1630s–1960s (Nov 15, 2026)","(Christer von der Burg, sold to the Cleveland Museum of Art) (?–2025); The Cleveland Museum of Art, Cleveland, OH (2025–)",,[],[],"Woodblock printing in color reached a height in China in the 1600s to 1700s. The prints were executed by means of sets of separate blocks, each carved to print a different color.",,,"“Beautiful women” (<em>meiren</em>) was a popular subject in prints from Suzhou, a city that set trends in fashion and art. This print is from a set of Four Beauties representing the Four Seasons, along with <a href=""http://www.cma.org/art/2025.48""><u>CMA 2025.48</u></a>, <a href=""http://www.cma.org/art/2025.50""><u>CMA 2025.50</u></a>, and <a href=""http://www.cma.org/art/2025.51""><u>CMA 2025.51</u></a>.","{'wikidata': [], 'internet_archive': []}",[],,https://clevelandart.org/art/2025.46,"[{'web': {'url': 'https://openaccess-cdn.clevelandart.org/2025.46/2025.46_alt0_web.jpg', 'width': '485', 'height': '900', 'filesize': '128898'}, 'print': {'url': 'https://openaccess-cdn.clevelandart.org/2025.46/2025.46_alt0_print.jpg', 'width': '1834', 'height': '3400', 'filesize': '2506745'}, 'full': {'url': 'https://openaccess-cdn.clevelandart.org/2025.46/2025.46_alt0_full.tif', 'width': '7151', 'height': '13260', 'filesize': '284494704'}, 'date_created': '2026-06-05T09:32:02', 'annotation': ''}]",Purchase from the J. H. Wade Fund,,,,,[],https://openaccess-cdn.clevelandart.org/2025.46/2025.46_web.jpg,https://openaccess-cdn.clevelandart.org/2025.46/2025.46_print.jpg,https://openaccess-cdn.clevelandart.org/2025.46/2025.46_full.tif,2026-08-15 11:17:58.699000
679061,2025.48,CC0,"Gusu Beauties of the Four Seasons—Spring (四季姑蘇美人圖 – 春), 1736–95. Southeast China, Suzhou Qing dynasty (1644–1911), Qianlong period (1736–95). Multicolor woodblock print; ink and color on paper; 111 x 60.2 cm (43 11/16 x 23 11/16 in.). The Cleveland Museum of Art, Purchase from the J. H. Wade Fund, 2025.48",,Gusu Beauties of the Four Seasons—Spring,四季姑蘇美人圖 – 春,,,1736–95,1736,1795,[],"Southeast China, Suzhou Qing dynasty (1644–1911), Qianlong period (1736–95)",Multicolor woodblock print; ink and color on paper,[],Chinese Art,China - Qing Dynasty,Print,111 x 60.2 cm (43 11/16 x 23 11/16 in.),,,,[],"CURRENT: Print Revolutions: Chinese Impressions, 1630s–1960s (Nov 15, 2026)","(Christer von der Burg, sold to the Cleveland Museum of Art) (?–2025); The Cleveland Museum of Art, Cleveland, OH (2025–)",,[],[],"Woodblock printing in color reached a height in China in the 1600s to 1700s. The prints were executed by means of sets of separate blocks, each carved to print a different color.",,,"“Beautiful women” (<em>meiren</em>) was a popular subject in prints from Suzhou, a city that set trends in fashion and art. This print is from a set of Four Beauties representing the Four Seasons, along with <a href=""http://www.cma.org/art/2025.46""><u>CMA 2025.46</u></a>, <a href=""http://www.cma.org/art/2025.50""><u>CMA 2025.50</u></a>, and <a href=""http://www.cma.org/art/2025.51""><u>CMA 2025.51</u></a>.","{'wikidata': [], 'internet_archive': []}",[],,https://clevelandart.org/art/2025.48,"[{'web': {'url': 'https://openaccess-cdn.clevelandart.org/2025.48/2025.48_alt0_web.jpg', 'width': '509', 'height': '900', 'filesize': '132929'}, 'print': {'url': 'https://openaccess-cdn.clevelandart.org/2025.48/2025.48_alt0_print.jpg', 'width': '1922', 'height': '3400', 'filesize': '2520821'}, 'full': {'url': 'https://openaccess-cdn.clevelandart.org/2025.48/2025.48_alt0_full.tif', 'width': '6833', 'height': '12090', 'filesize': '247861110'}, 'date_created': '2025-02-14T15:18:55', 'annotation': ''}]",Purchase from the J. H. Wade Fund,,,,,[],https://openaccess-cdn.clevelandart.org/2025.48/2025.48_web.jpg,https://openaccess-cdn.clevelandart.org/2025.48/2025.48_print.jpg,https://openaccess-cdn.clevelandart.org/2025.48/2025.48_full.tif,2026-08-15 11:17:58.710000
679062,2025.49,CC0,"Gusu Beauty – Winter (姑蘇美人 – 冬), 1736–95. Southeast China, Suzhou Qing dynasty (1644–1911), Qianlong period (1736–95). Multicolor woodblock print; ink and color on paper; print only: 113 x 64 cm (44 1/2 x 25 3/16 in.); overall: 111 x 62 cm (43 11/16 x 24 7/16 in.). The Cleveland Museum of Art, Purchase from the J. H. Wade Fund, 2025.49",,Gusu Beauty – Winter,姑蘇美人 – 冬,,,1736–95,1736,1795,[],"Southeast China, Suzhou Qing dynasty (1644–1911), Qianlong period (1736–95)",Multicolor woodblock print; ink and color on paper,[],Chinese Art,China - Qing Dynasty,Print,Print only: 113 x 64 cm (44 1/2 x 25 3/16 in.); Overall: 111 x 62 cm (43 11/16 x 24 7/16 in.),,,,麟 児集庆新年瑞，姑苏信德号,"CURRENT: Print Revolutions: Chinese Impressions, 1630s–1960s (Nov 15, 2026)","(Christer von der Burg, sold to the Cleveland Museum of Art) (?–2025); The Cleveland Museum of Art, Cleveland, OH (2025–)",,[],[],"Woodblock printing in color reached a height in China in the 1600s to 1700s. The prints were executed by means of sets of separate blocks, each carved to print a different color.",,,"In the 1600s, printing flourished in such Jiangnan cities as Nanjing, Suzhou, Hangzhou, and Huizhou, evolving from privately enjoyed illustrated books printed in color to more commercialized single-sheet color prints that were hung on walls and became part of the rich urban visual culture.","{'wikidata': [], 'internet_archive': []}",[],,https://clevelandart.org/art/2025.49,"[{'web': {'url': 'https://openaccess-cdn.clevelandart.org/2025.49/2025.49_alt0_web.jpg', 'width': '509', 'height': '900', 'filesize': '132594'}, 'print': {'url': 'https://openaccess-cdn.clevelandart.org/2025.49/2025.49_alt0_print.jpg', 'width': '1921', 'height': '3400', 'filesize': '2538401'}, 'full': {'url': 'https://openaccess-cdn.clevelandart.org/2025.49/2025.49_alt0_full.tif', 'width': '6833', 'height': '12091', 'filesize': '247881498'}, 'date_created': '2025-02-14T15:08:21', 'annotation': ''}]",Purchase from the J. H. Wade Fund,,,,,[],https://openaccess-cdn.clevelandart.org/2025.49/2025.49_web.jpg,https://openaccess-cdn.clevelandart.org/2025.49/2025.49_print.jpg,https://openaccess-cdn.clevelandart.org/2025.49/2025.49_full.tif,2026-08-15 11:17:58.721000
679063,2025.50,CC0,"Gusu Beauties of the Four Seasons – Autumn (四季姑蘇美人圖 – 秋), 1736–95. Southeast China, Suzhou Qing dynasty (1644–1911), Qianlong period (1736–95). Multicolor woodblock print; ink and color on paper; print only: 98.3 x 55.2 cm (38 11/16 x 21 3/4 in.). The Cleveland Museum of Art, Purchase from the J. H. Wade Fund, 2025.50",,Gusu Beauties of the Four Seasons – Autumn,四季姑蘇美人圖 – 秋,,,1736–95,1736,1795,[],"Southeast China, Suzhou Qing dynasty (1644–1911), Qianlong period (1736–95)",Multicolor woodblock print; ink and color on paper,[],Chinese Art,China - Qing Dynasty,Print,Print only: 98.3 x 55.2 cm (38 11/16 x 21 3/4 in.),,,,[],,"(Christer von der Burg, sold to the Cleveland Museum of Art) (?–2025); The Cleveland Museum of Art, Cleveland, OH (2025–)",,[],[],"Woodblock printing in color reached a height in China in the 1600s to 1700s. The prints were executed by means of sets of separate blocks, each carved to print a different color.",,,"“Beautiful women” (<em>meiren</em>) was a popular subject in prints from Suzhou, a city that set trends in fashion and art. This print is from a set of Four Beauties representing the Four Seasons, along with <a href=""http://www.cma.org/art/2025.46""><u>CMA 2025.46</u></a>, <a href=""http://www.cma.org/art/2025.48""><u>CMA 2025.48</u></a>, and <a href=""http://www.cma.org/art/2025.51""><u>CMA 2025.51</u></a>.","{'wikidata': [], 'internet_archive': []}",[],,https://clevelandart.org/art/2025.50,[],Purchase from the J. H. Wade Fund,,,,,[],,,,2026-08-15 11:17:58.730000
679064,2025.51,CC0,"Gusu Beauties of the Four Seasons – Winter (四季姑蘇美人圖 – 冬), 1736–95. Southeast China, Suzhou Qing dynasty (1644–1911), Qianlong period (1736–95). Multicolor woodblock print; ink and color on paper; print only: 97.8 x 55 cm (38 1/2 x 21 5/8 in.). The Cleveland Museum of Art, Purchase from the J. H. Wade Fund, 2025.51",,Gusu Beauties of the Four Seasons – Winter,四季姑蘇美人圖 – 冬,,,1736–95,1736,1795,[],"Southeast China, Suzhou Qing dynasty (1644–1911), Qianlong period (1736–95)",Multicolor woodblock print; ink and color on paper,[],Chinese Art,China - Qing Dynasty,Print,Print only: 97.8 x 55 cm (38 1/2 x 21 5/8 in.),,,,[],,"(Christer von der Burg, sold to the Cleveland Museum of Art) (?–2025); The Cleveland Museum of Art, Cleveland, OH (2025–)",,[],[],"Woodblock printing in color reached a height in China in the 1600s to 1700s. The prints were executed by means of sets of separate blocks, each carved to print a different color.",,,"“Beautiful women” (<em>meiren</em>) was a popular subject in prints from Suzhou, a city that set trends in fashion and art. This print is from a set of Four Beauties representing the Four Seasons, along with <a href=""http://www.cma.org/art/2025.46""><u>CMA 2025.46</u></a>, <a href=""http://www.cma.org/art/2025.48""><u>CMA 2025.48</u></a>, and <a href=""http://www.cma.org/art/2025.50""><u>CMA 2025.50</u></a>.","{'wikidata': [], 'internet_archive': []}",[],,https://clevelandart.org/art/2025.51,[],Purchase from the J. H. Wade Fund,,,,,[],,,,2026-08-15 11:17:58.739000
679065,2025.47,CC0,"Gusu Beauty – Mother and Son in a Summer Pavilion (姑蘇美人 – 夏日亭畔母子圖), 1736–95. Southeast China, Suzhou Qing dynasty (1644–1911), Qianlong period (1736–95). Polychrome woodblock print; ink and color on paper; print only: 104.2 x 54.5 cm (41 x 21 7/16 in.); overall: 112.9 x 62.9 cm (44 7/16 x 24 3/4 in.). The Cleveland Museum of Art, Purchase from the J. H. Wade Fund, 2025.47",,Gusu Beauty – Mother and Son in a Summer Pavilion,姑蘇美人 – 夏日亭畔母子圖,,,1736–95,1736,1795,[],"Southeast China, Suzhou Qing dynasty (1644–1911), Qianlong period (1736–95)",Polychrome woodblock print; ink and color on paper,[],Chinese Art,China - Qing Dynasty,Print,Print only: 104.2 x 54.5 cm (41 x 21 7/16 in.); Overall: 112.9 x 62.9 cm (44 7/16 x 24 3/4 in.),,,,[],"CURRENT: Print Revolutions: Chinese Impressions, 1630s–1960s (Nov 15, 2026)","(Christer von der Burg, sold to the Cleveland Museum of Art) (?–2025); The Cleveland Museum of Art, Cleveland, OH (2025–)",,[],[],"Woodblock printing in color reached a height in China in the 1600s to 1700s. The prints were executed by means of sets of separate blocks, each carved to print a different color.",,,"In the 1600s, printing flourished in such Jiangnan cities as Nanjing, Suzhou, Hangzhou, and Huizhou, evolving from privately enjoyed illustrated books printed in color to more commercialized single-sheet color prints that were hung on walls and became part of the rich urban visual culture.","{'wikidata': [], 'internet_archive': []}",[],,https://clevelandart.org/art/2025.47,"[{'web': {'url': 'https://openaccess-cdn.clevelandart.org/2025.47/2025.47_alt0_web.jpg', 'width': '485', 'height': '900', 'filesize': '149756'}, 'print': {'url': 'https://openaccess-cdn.clevelandart.org/2025.47/2025.47_alt0_print.jpg', 'width': '1834', 'height': '3400', 'filesize': '2787001'}, 'full': {'url': 'https://openaccess-cdn.clevelandart.org/2025.47/2025.47_alt0_full.tif', 'width': '7151', 'height': '13260', 'filesize': '284494844'}, 'date_created': '2026-06-05T09:34:24', 'annotation': ''}]",Purchase from the J. H. Wade Fund,,,,,[],https://openaccess-cdn.clevelandart.org/2025.47/2025.47_web.jpg,https://openaccess-cdn.clevelandart.org/2025.47/2025.47_print.jpg,https://openaccess-cdn.clevelandart.org/2025.47/2025.47_full.tif,2026-08-15 11:17:58.748000
398760,2025.52,CC0,"Beautiful Scenery of Putuoshan on the Southern Sea (南海普陀⼭勝景), 1700s. China, Qing dynasty (1644–1911), Qianlong reign (1736–95). Printed in two shades of black and colored by hand; image: 97 x 54.4 cm (38 3/16 x 21 7/16 in.); overall: 102.5 x 63 cm (40 3/8 x 24 13/16 in.). The Cleveland Museum of Art, Purchase from the J. H. Wade Fund, 2025.52",,Beautiful Scenery of Putuoshan on the Southern Sea,南海普陀⼭勝景,,,1700s,1700,1799,[],"China, Qing dynasty (1644–1911), Qianlong reign (1736–95)",Printed in two shades of black and colored by hand,[],Chinese Art,China - Qing Dynasty,Print,Image: 97 x 54.4 cm (38 3/16 x 21 7/16 in.); Overall: 102.5 x 63 cm (40 3/8 x 24 13/16 in.),,,,仁和軒,"CURRENT: China’s Southern Paradise: Treasures from the Lower Yangzi Delta (Sep 10, 2023)","(Christer von der Burg, sold to the Cleveland Museum of Art) (?–2025); The Cleveland Museum of Art, Cleveland, OH (2025–)",,[],[],"Woodblock printing in color reached a height in China in the 1600s to 1700s. The prints were executed by means of sets of separate blocks, each carved to print a different color.",,,"Mount Putuo, an island southeast of Shanghai that covers approximately 12.5 square kilometers (4.8 square miles), is one of the Four Sacred Buddhist Mountains and a destination for the worship of Guanyin (Avalokiteśhvara), the bodhisattva of compassion. <br><br>The importance of Putuo as a national and international pilgrimage center began in the 900s and was revived in the late 1500s and 1600s. Its attraction is partly based on the claim that Putuo Island is Mount Potalaka, the home of Guanyin located on the southern coast of India, which made the island attractive to Korean and Japanese pilgrims as well. Mount Putuo received imperial visits and patronage from the Kangxi and Qianlong emperors.","{'wikidata': [], 'internet_archive': []}",[],,https://clevelandart.org/art/2025.52,[],Purchase from the J. H. Wade Fund,,,,,[],,,,2026-08-13 11:44:38.071000
679081,2025.53,CC0,"Scenic View of Suzhou (姑蘇勝景), 1736–95. Southeast China, Suzhou, Qing dynasty (1644–1911), Qianlong reign (1736–95). Hanging scroll; multicolor woodblock print; ink and color on paper; print only: 112 x 55.8 cm (44 1/8 x 21 15/16 in.); overall: 188 x 64 cm (74 x 25 3/16 in.); with knobs: 188 x 71 cm (74 x 27 15/16 in.). The Cleveland Museum of Art, Purchase from the J. H. Wade Fund, 2025.53",,Scenic View of Suzhou,姑蘇勝景,,,1736–95,1736,1795,[],"Southeast China, Suzhou, Qing dynasty (1644–1911), Qianlong reign (1736–95)",Hanging scroll; multicolor woodblock print; ink and color on paper,[],Chinese Art,ASIAN - Hanging scroll,Print,Print only: 112 x 55.8 cm (44 1/8 x 21 15/16 in.); Overall: 188 x 64 cm (74 x 25 3/16 in.); with knobs: 188 x 71 cm (74 x 27 15/16 in.),,,,姑蘇勝景,"CURRENT: Print Revolutions: Chinese Impressions, 1630s–1960s (Nov 15, 2026)","(Christer von der Burg, sold to the Cleveland Museum of Art) (?–2025); The Cleveland Museum of Art, Cleveland, OH (2025–)",,[],[],"Woodblock printing in color reached a height in China in the 1600s to 1700s. The prints were executed by means of sets of separate blocks, each carved to print a different color.",,,"In the 1600s, printing flourished in such Jiangnan cities as Nanjing, Suzhou, Hangzhou, and Huizhou, evolving from privately enjoyed illustrated books printed in color to more commercialized single-sheet color prints that were hung on walls and became part of the rich urban visual culture.","{'wikidata': [], 'internet_archive': []}",[],,https://clevelandart.org/art/2025.53,"[{'web': {'url': 'https://openaccess-cdn.clevelandart.org/2025.53/2025.53_alt0_web.jpg', 'width': '345', 'height': '900', 'filesize': '74349'}, 'print': {'url': 'https://openaccess-cdn.clevelandart.org/2025.53/2025.53_alt0_print.jpg', 'width': '1303', 'height': '3400', 'filesize': '813412'}, 'full': {'url': 'https://openaccess-cdn.clevelandart.org/2025.53/2025.53_alt0_full.tif', 'width': '4696', 'height': '12253', 'filesize': '172647610'}, 'date_created': '2025-02-18T15:47:18', 'annotation': ''}, {'web': {'url': 'https://openaccess-cdn.clevelandart.org/2025.53/2025.53_alt1_web.jpg', 'width': '345', 'height': '900', 'filesize': '147055'}, 'print': {'url': 'https://openaccess-cdn.clevelandart.org/2025.53/2025.53_alt1_print.jpg', 'width': '1303', 'height': '3400', 'filesize': '1901275'}, 'full': {'url': 'https://openaccess-cdn.clevelandart.org/2025.53/2025.53_alt1_full.tif', 'width': '4696', 'height': '12253', 'filesize': '172649082'}, 'date_created': '2025-02-18T15:42:48', 'annotation': ''}]",Purchase from the J. H. Wade Fund,,,,,[],https://openaccess-cdn.clevelandart.org/2025.53/2025.53_web.jpg,https://openaccess-cdn.clevelandart.org/2025.53/2025.53_print.jpg,https://openaccess-cdn.clevelandart.org/2025.53/2025.53_full.tif,2026-08-13 11:44:38.309000
679082,2025.54,CC0,"Li Taibai Reading (李太⽩讀書圖), 1736–95. China, Qing dynasty (1644–1911), Qianlong reign (1736–95). Hanging scroll; polychrome woodblock print; ink and color on paper; print only: 98.5 x 52 cm (38 3/4 x 20 1/2 in.); overall with mount: 174 x 61 cm (68 1/2 x 24 in.); with knobs: 67 cm (26 3/8 in.). The Cleveland Museum of Art, Purchase from the J. H. Wade Fund, 2025.54",,Li Taibai Reading,李太⽩讀書圖,,,1736–95,1736,1795,[],"China, Qing dynasty (1644–1911), Qianlong reign (1736–95)",Hanging scroll; polychrome woodblock print; ink and color on paper,[],Chinese Art,ASIAN - Hanging scroll,Print,Print only: 98.5 x 52 cm (38 3/4 x 20 1/2 in.); Overall with mount: 174 x 61 cm (68 1/2 x 24 in.); with knobs: 67 cm (26 3/8 in.),,,,[],,"(Christer von der Burg, sold to the Cleveland Museum of Art) (?–2025); The Cleveland Museum of Art, Cleveland, OH (2025–)",,[],[],"Woodblock printing in color reached a height in China in the 1600s to 1700s. The prints were executed by means of sets of separate blocks, each carved to print a different color.",,,"In the 1600s, printing flourished in such Jiangnan cities as Nanjing, Suzhou, Hangzhou, and Huizhou, evolving from privately enjoyed illustrated books printed in color to more commercialized single-sheet color prints that were hung on walls and became part of the rich urban visual culture.","{'wikidata': [], 'internet_archive': []}",[],,https://clevelandart.org/art/2025.54,[],Purchase from the J. H. Wade Fund,,,,,[],,,,2026-07-22 11:09:14.192000
679083,2025.55,CC0,"Fisherman, Woodcutter, Farmer, and Scholar (漁樵耕讀), 1736–95. China, Qing dynasty (1644–1911), Qianlong reign (1736–95). Hanging scroll; woodblock print; ink on paper; print only: 93.8 x 49.8 cm (36 15/16 x 19 5/8 in.); overall: 150 x 60 cm (59 1/16 x 23 5/8 in.); with knobs: 150 x 64.3 cm (59 1/16 x 25 5/16 in.). The Cleveland Museum of Art, Purchase from the J. H. Wade Fund, 2025.55",,"Fisherman, Woodcutter, Farmer, and Scholar",漁樵耕讀,,,1736–95,1736,1795,[],"China, Qing dynasty (1644–1911), Qianlong reign (1736–95)",Hanging scroll; woodblock print; ink on paper,[],Chinese Art,ASIAN - Hanging scroll,Print,Print only: 93.8 x 49.8 cm (36 15/16 x 19 5/8 in.); Overall: 150 x 60 cm (59 1/16 x 23 5/8 in.); with knobs: 150 x 64.3 cm (59 1/16 x 25 5/16 in.),,,,[],,"(Christer von der Burg, sold to the Cleveland Museum of Art) (?–2025); The Cleveland Museum of Art, Cleveland, OH (2025–)",,[],[],"Woodblock printing in color reached a height in China in the 1600s to 1700s. The prints were executed by means of sets of separate blocks, each carved to print a different color.",,,"In the 1600s, printing flourished in such Jiangnan cities as Nanjing, Suzhou, Hangzhou, and Huizhou, evolving from privately enjoyed illustrated books printed in color to more commercialized single-sheet color prints that were hung on walls and became part of the rich urban visual culture.","{'wikidata': [], 'internet_archive': []}",[],,https://clevelandart.org/art/2025.55,[],Purchase from the J. H. Wade Fund,,,,,[],,,,2026-06-26 11:50:57.530000
679084,2025.56,CC0,"The Herd Boy and the Weaving Maiden (牛郎織女), 1736–95. China, Qing dynasty (1644–1911), Qianlong period (1736–95). Hanging scroll; polychrome woodblock print; ink and color on paper; image: 95.2 x 49.3 cm (37 1/2 x 19 7/16 in.); mounted: 224 x 66.4 cm (88 3/16 x 26 1/8 in.); mounted with knobs: 224 x 77 cm (88 3/16 x 30 5/16 in.). The Cleveland Museum of Art, Purchase from the J. H. Wade Fund, 2025.56",,The Herd Boy and the Weaving Maiden,牛郎織女,,,1736–95,1736,1795,[],"China, Qing dynasty (1644–1911), Qianlong period (1736–95)",Hanging scroll; polychrome woodblock print; ink and color on paper,[],Chinese Art,ASIAN - Hanging scroll,Print,Image: 95.2 x 49.3 cm (37 1/2 x 19 7/16 in.); Mounted: 224 x 66.4 cm (88 3/16 x 26 1/8 in.); Mounted with knobs: 224 x 77 cm (88 3/16 x 30 5/16 in.),,,,[],,"(Christer von der Burg, sold to the Cleveland Museum of Art) (?–2025); The Cleveland Museum of Art, Cleveland, OH (2025–)",,[],[],"Woodblock printing in color reached a height in China in the 1600s to 1700s. The prints were executed by means of sets of separate blocks, each carved to print a different color.",,,"In the 1600s, printing flourished in such Jiangnan cities as Nanjing, Suzhou, Hangzhou, and Huizhou, evolving from privately enjoyed illustrated books printed in color to more commercialized single-sheet color prints that were hung on walls and became part of the rich urban visual culture.","{'wikidata': [], 'internet_archive': []}",[],,https://clevelandart.org/art/2025.56,[],Purchase from the J. H. Wade Fund,,,,,[],,,,2026-08-03 14:26:47.948000
679085,2025.57,CC0,"Two Beauties Inspect a Golden Lotus (雙美觀金蓮), 1736–95. China, Qing dynasty (1644–1911), Qianlong period (1736–95). Hanging scroll; polychrome woodblock print; ink and color on paper; image: 103 x 55.9 cm (40 9/16 x 22 in.); mounted: 157 x 68 cm (61 13/16 x 26 3/4 in.); mounted with knobs: 157 x 74 cm (61 13/16 x 29 1/8 in.). The Cleveland Museum of Art, Purchase from the J. H. Wade Fund, 2025.57",,Two Beauties Inspect a Golden Lotus,雙美觀金蓮,,,1736–95,1736,1795,[],"China, Qing dynasty (1644–1911), Qianlong period (1736–95)",Hanging scroll; polychrome woodblock print; ink and color on paper,[],Chinese Art,ASIAN - Hanging scroll,Print,Image: 103 x 55.9 cm (40 9/16 x 22 in.); Mounted: 157 x 68 cm (61 13/16 x 26 3/4 in.); Mounted with knobs: 157 x 74 cm (61 13/16 x 29 1/8 in.),,,,[],,"(Christer von der Burg, sold to the Cleveland Museum of Art) (?–2025); The Cleveland Museum of Art, Cleveland, OH (2025–)",,[],[],"Woodblock printing in color reached a height in China in the 1600s to 1700s. The prints were executed by means of sets of separate blocks, each carved to print a different color.",,,"In the 1600s, printing flourished in such Jiangnan cities as Nanjing, Suzhou, Hangzhou, and Huizhou, evolving from privately enjoyed illustrated books printed in color to more commercialized single-sheet color prints that were hung on walls and became part of the rich urban visual culture.","{'wikidata': [], 'internet_archive': []}",[],,https://clevelandart.org/art/2025.57,"[{'web': {'url': 'https://openaccess-cdn.clevelandart.org/2025.57/2025.57_alt0_web.jpg', 'width': '434', 'height': '900', 'filesize': '89004'}, 'print': {'url': 'https://openaccess-cdn.clevelandart.org/2025.57/2025.57_alt0_print.jpg', 'width': '1641', 'height': '3400', 'filesize': '1192810'}, 'full': {'url': 'https://openaccess-cdn.clevelandart.org/2025.57/2025.57_alt0_full.tif', 'width': '4917', 'height': '10190', 'filesize': '150340446'}, 'date_created': '2025-02-18T15:30:32', 'annotation': ''}, {'web': {'url': 'https://openaccess-cdn.clevelandart.org/2025.57/2025.57_alt1_web.jpg', 'width': '434', 'height': '900', 'filesize': '142409'}, 'print': {'url': 'https://openaccess-cdn.clevelandart.org/2025.57/2025.57_alt1_print.jpg', 'width': '1640', 'height': '3400', 'filesize': '1927806'}, 'full': {'url': 'https://openaccess-cdn.clevelandart.org/2025.57/2025.57_alt1_full.tif', 'width': '4917', 'height': '10191', 'filesize': '150356282'}, 'date_created': '2025-02-18T15:06:39', 'annotation': ''}]",Purchase from the J. H. Wade Fund,,,,,[],https://openaccess-cdn.clevelandart.org/2025.57/2025.57_web.jpg,https://openaccess-cdn.clevelandart.org/2025.57/2025.57_print.jpg,https://openaccess-cdn.clevelandart.org/2025.57/2025.57_full.tif,2026-08-03 14:26:48.476000
679086,2025.58,CC0,"Boys Playing (嬰戲圖), 1736–95. China, Qing dynasty (1644–1911), Qianlong period (1736–95). Hanging scroll; polychrome woodblock print; ink and color on paper; image: 105.6 x 58.2 cm (41 9/16 x 22 15/16 in.); overall: 143.6 x 69.4 cm (56 9/16 x 27 5/16 in.). The Cleveland Museum of Art, Purchase from the J. H. Wade Fund, 2025.58",,Boys Playing,嬰戲圖,,,1736–95,1736,1795,[],"China, Qing dynasty (1644–1911), Qianlong period (1736–95)",Hanging scroll; polychrome woodblock print; ink and color on paper,[],Chinese Art,ASIAN - Hanging scroll,Print,Image: 105.6 x 58.2 cm (41 9/16 x 22 15/16 in.); Overall: 143.6 x 69.4 cm (56 9/16 x 27 5/16 in.),,,,[],,"(Christer von der Burg, sold to the Cleveland Museum of Art) (?–2025); The Cleveland Museum of Art, Cleveland, OH (2025–)",,[],[],"Woodblock printing in color reached a height in China in the 1600s to 1700s. The prints were executed by means of sets of separate blocks, each carved to print a different color.",,,"In the 1600s, printing flourished in such Jiangnan cities as Nanjing, Suzhou, Hangzhou, and Huizhou, evolving from privately enjoyed illustrated books printed in color to more commercialized single-sheet color prints that were hung on walls and became part of the rich urban visual culture.","{'wikidata': [], 'internet_archive': []}",[],,https://clevelandart.org/art/2025.58,[],Purchase from the J. H. Wade Fund,,,,,[],,,,2026-08-03 14:26:50.356000
679087,2025.59,CC0,"Boy Bringing Wealth (招財童子), 1736–95. China, Qing dynasty (1644–1911), Qianlong period (1736–95). Polychrome woodblock print; ink and color on paper; print only: 46.3 x 28.5 cm (18 1/4 x 11 1/4 in.); overall: 72.7 x 41.6 cm (28 5/8 x 16 3/8 in.). The Cleveland Museum of Art, Purchase from the J. H. Wade Fund, 2025.59",,Boy Bringing Wealth,招財童子,,,1736–95,1736,1795,[],"China, Qing dynasty (1644–1911), Qianlong period (1736–95)",Polychrome woodblock print; ink and color on paper,[],Chinese Art,ASIAN - Album leaf,Print,Print only: 46.3 x 28.5 cm (18 1/4 x 11 1/4 in.); Overall: 72.7 x 41.6 cm (28 5/8 x 16 3/8 in.),,,,[],,"(Christer von der Burg, sold to the Cleveland Museum of Art) (?–2025); The Cleveland Museum of Art, Cleveland, OH (2025–)",,[],[],"Woodblock printing in color reached a height in China in the 1600s to 1700s. The prints were executed by means of sets of separate blocks, each carved to print a different color.",,,"In the 1600s, printing flourished in such Jiangnan cities as Nanjing, Suzhou, Hangzhou, and Huizhou, evolving from privately enjoyed illustrated books printed in color to more commercialized single-sheet color prints that were hung on walls and became part of the rich urban visual culture.","{'wikidata': [], 'internet_archive': []}",[],,https://clevelandart.org/art/2025.59,[],Purchase from the J. H. Wade Fund,,,,,[],,,,2026-05-29 09:16:01.760000
679088,2025.60,CC0,"Picture of a Cat, a Bird, and a Crabapple (海棠綬帶富貴圖), 1662–1735. Southeast China, Suzhou, Qing dynasty (1644–1911), Kangxi reign (1662–1722) to Yongzheng reign (1723–35). Multicolor woodblock print; ink and color on paper; print only: 50.6 x 30 cm (19 15/16 x 11 13/16 in.); overall: 53 x 34.6 cm (20 7/8 x 13 5/8 in.). The Cleveland Museum of Art, Purchase from the J. H. Wade Fund, 2025.60",,"Picture of a Cat, a Bird, and a Crabapple",海棠綬帶富貴圖,,,1662–1735,1662,1735,[],"Southeast China, Suzhou, Qing dynasty (1644–1911), Kangxi reign (1662–1722) to Yongzheng reign (1723–35)",Multicolor woodblock print; ink and color on paper,[],Chinese Art,China - Qing Dynasty,Print,Print only: 50.6 x 30 cm (19 15/16 x 11 13/16 in.); Overall: 53 x 34.6 cm (20 7/8 x 13 5/8 in.),,,,[],"CURRENT: Print Revolutions: Chinese Impressions, 1630s–1960s (Nov 15, 2026)","(Christer von der Burg, sold to the Cleveland Museum of Art) (?–2025); The Cleveland Museum of Art, Cleveland, OH (2025–)",,[],[],"Woodblock printing in color reached a height in China in the 1600s to 1700s. The prints were executed by means of sets of separate blocks, each carved to print a different color.",,,"In the 1600s, printing flourished in such Jiangnan cities as Nanjing, Suzhou, Hangzhou, and Huizhou, evolving from privately enjoyed illustrated books printed in color to more commercialized single-sheet color prints that were hung on walls and became part of the rich urban visual culture.","{'wikidata': [], 'internet_archive': []}",[],,https://clevelandart.org/art/2025.60,"[{'web': {'url': 'https://openaccess-cdn.clevelandart.org/2025.60/2025.60_alt0_web.jpg', 'width': '541', 'height': '900', 'filesize': '196258'}, 'print': {'url': 'https://openaccess-cdn.clevelandart.org/2025.60/2025.60_alt0_print.jpg', 'width': '2043', 'height': '3400', 'filesize': '2358972'}, 'full': {'url': 'https://openaccess-cdn.clevelandart.org/2025.60/2025.60_alt0_full.tif', 'width': '7805', 'height': '12992', 'filesize': '304237910'}, 'date_created': '2025-02-18T10:38:44', 'annotation': ''}]",Purchase from the J. H. Wade Fund,,,,,[],https://openaccess-cdn.clevelandart.org/2025.60/2025.60_web.jpg,https://openaccess-cdn.clevelandart.org/2025.60/2025.60_print.jpg,https://openaccess-cdn.clevelandart.org/2025.60/2025.60_full.tif,2026-08-15 11:17:58.758000
679089,2025.61,CC0,"Scenic Spots of Jiangtian Temple on Jinshan, Built by Imperial Command (勅建金山江天寺勝境), 1662–1722. China, Qing dynasty (1644–1911), Kangxi reign (1622–1722). Polychrome woodblock print; ink and color on paper; 60.6 x 37.5 cm (23 7/8 x 14 3/4 in.). The Cleveland Museum of Art, Purchase from the J. H. Wade Fund, 2025.61",,"Scenic Spots of Jiangtian Temple on Jinshan, Built by Imperial Command",勅建金山江天寺勝境,,,1662–1722,1662,1722,[],"China, Qing dynasty (1644–1911), Kangxi reign (1622–1722)",Polychrome woodblock print; ink and color on paper,[],Chinese Art,China - Qing Dynasty,Print,60.6 x 37.5 cm (23 7/8 x 14 3/4 in.),,,,[],,"(Christer von der Burg, sold to the Cleveland Museum of Art) (?–2025); The Cleveland Museum of Art, Cleveland, OH (2025–)",,[],[],"Woodblock printing in color reached a height in China in the 1600s to 1700s. The prints were executed by means of sets of separate blocks, each carved to print a different color.",,,"In the 1600s, printing flourished in such Jiangnan cities as Nanjing, Suzhou, Hangzhou, and Huizhou, evolving from privately enjoyed illustrated books printed in color to more commercialized single-sheet color prints that were hung on walls and became part of the rich urban visual culture.","{'wikidata': [], 'internet_archive': []}",[],,https://clevelandart.org/art/2025.61,"[{'web': {'url': 'https://openaccess-cdn.clevelandart.org/2025.61/2025.61_alt0_web.jpg', 'width': '572', 'height': '900', 'filesize': '133231'}, 'print': {'url': 'https://openaccess-cdn.clevelandart.org/2025.61/2025.61_alt0_print.jpg', 'width': '2162', 'height': '3400', 'filesize': '2538662'}, 'full': {'url': 'https://openaccess-cdn.clevelandart.org/2025.61/2025.61_alt0_full.tif', 'width': '7941', 'height': '12488', 'filesize': '297529368'}, 'date_created': '2026-04-08T14:46:03', 'annotation': ''}]",Purchase from the J. H. Wade Fund,,,,,[],https://openaccess-cdn.clevelandart.org/2025.61/2025.61_web.jpg,https://openaccess-cdn.clevelandart.org/2025.61/2025.61_print.jpg,https://openaccess-cdn.clevelandart.org/2025.61/2025.61_full.tif,2026-08-03 14:26:50.833000
679090,2025.63,CC0,"Satirical Prints of Suzhou Customs (蘇州風俗諷刺畫), 1760. China, Qing dynasty (1644–1911), Qianlong reign (1736–95). Woodblock print; ink on paper; 35.8 x 52 cm (14 1/8 x 20 1/2 in.). The Cleveland Museum of Art, Purchase from the J. H. Wade Fund, 2025.63",,Satirical Prints of Suzhou Customs,蘇州風俗諷刺畫,,,1760,1760,1760,[],"China, Qing dynasty (1644–1911), Qianlong reign (1736–95)",Woodblock print; ink on paper,[],Chinese Art,China - Qing Dynasty,Print,35.8 x 52 cm (14 1/8 x 20 1/2 in.),,,,[],,"(Christer von der Burg, sold to the Cleveland Museum of Art) (?–2025); The Cleveland Museum of Art, Cleveland, OH (2025–)",,[],[],"Woodblock printing in color reached a height in China in the 1600s to 1700s. The prints were executed by means of sets of separate blocks, each carved to print a different color.",,,"In the 1600s, printing flourished in such Jiangnan cities as Nanjing, Suzhou, Hangzhou, and Huizhou, evolving from privately enjoyed illustrated books printed in color to more commercialized single-sheet color prints that were hung on walls and became part of the rich urban visual culture.","{'wikidata': [], 'internet_archive': []}",[],,https://clevelandart.org/art/2025.63,[],Purchase from the J. H. Wade Fund,,,,,[],,,,2026-05-29 09:16:02.087000
679091,2025.64,CC0,"Satirical Prints of Suzhou Customs (蘇州風俗諷刺畫), 1760. China, Qing dynasty (1644–1911), Qianlong reign (1736–95). Woodblock print; ink on paper; 35.7 x 54.1 cm (14 1/16 x 21 5/16 in.). The Cleveland Museum of Art, Purchase from the J. H. Wade Fund, 2025.64",,Satirical Prints of Suzhou Customs,蘇州風俗諷刺畫,,,1760,1760,1760,[],"China, Qing dynasty (1644–1911), Qianlong reign (1736–95)",Woodblock print; ink on paper,[],Chinese Art,China - Qing Dynasty,Print,35.7 x 54.1 cm (14 1/16 x 21 5/16 in.),,,,[],,"(Christer von der Burg, sold to the Cleveland Museum of Art) (?–2025); The Cleveland Museum of Art, Cleveland, OH (2025–)",,[],[],"Woodblock printing in color reached a height in China in the 1600s to 1700s. The prints were executed by means of sets of separate blocks, each carved to print a different color.",,,"In the 1600s, printing flourished in such Jiangnan cities as Nanjing, Suzhou, Hangzhou, and Huizhou, evolving from privately enjoyed illustrated books printed in color to more commercialized single-sheet color prints that were hung on walls and became part of the rich urban visual culture.","{'wikidata': [], 'internet_archive': []}",[],,https://clevelandart.org/art/2025.64,[],Purchase from the J. H. Wade Fund,,,,,[],,,,2026-05-29 09:16:02.188000
679092,2025.62,CC0,"Satirical Prints of Suzhou Customs (蘇州風俗諷刺畫), 1760. China, Qing dynasty (1644–1911), Qianlong reign (1736–95). Woodblock print; ink on paper; 36.2 x 50.5 cm (14 1/4 x 19 7/8 in.). The Cleveland Museum of Art, Purchase from the J. H. Wade Fund, 2025.62",,Satirical Prints of Suzhou Customs,蘇州風俗諷刺畫,,,1760,1760,1760,[],"China, Qing dynasty (1644–1911), Qianlong reign (1736–95)",Woodblock print; ink on paper,[],Chinese Art,China - Qing Dynasty,Print,36.2 x 50.5 cm (14 1/4 x 19 7/8 in.),,,,[],,"(Christer von der Burg, sold to the Cleveland Museum of Art) (?–2025); The Cleveland Museum of Art, Cleveland, OH (2025–)",,[],[],"Woodblock printing in color reached a height in China in the 1600s to 1700s. The prints were executed by means of sets of separate blocks, each carved to print a different color.",,,"In the 1600s, printing flourished in such Jiangnan cities as Nanjing, Suzhou, Hangzhou, and Huizhou, evolving from privately enjoyed illustrated books printed in color to more commercialized single-sheet color prints that were hung on walls and became part of the rich urban visual culture.","{'wikidata': [], 'internet_archive': []}",[],,https://clevelandart.org/art/2025.62,[],Purchase from the J. H. Wade Fund,,,,,[],,,,2026-05-29 09:16:02.279000
679093,2025.65,CC0,"A Fisherman's Daughter (漁家女), 1736–95. China, Qing dynasty (1644–1911), Qianlong reign (1736–95). Polychrome woodblock print; ink and color on paper; 49.2 x 25.8 cm (19 3/8 x 10 3/16 in.). The Cleveland Museum of Art, Purchase from the J. H. Wade Fund, 2025.65",,A Fisherman's Daughter,漁家女,,,1736–95,1736,1795,[],"China, Qing dynasty (1644–1911), Qianlong reign (1736–95)",Polychrome woodblock print; ink and color on paper,[],Chinese Art,China - Qing Dynasty,Print,49.2 x 25.8 cm (19 3/8 x 10 3/16 in.),,,,[],,"(Christer von der Burg, sold to the Cleveland Museum of Art) (?–2025); The Cleveland Museum of Art, Cleveland, OH (2025–)",,[],[],"Woodblock printing in color reached a height in China in the 1600s to 1700s. The prints were executed by means of sets of separate blocks, each carved to print a different color.",,,"In the 1600s, printing flourished in such Jiangnan cities as Nanjing, Suzhou, Hangzhou, and Huizhou, evolving from privately enjoyed illustrated books printed in color to more commercialized single-sheet color prints that were hung on walls and became part of the rich urban visual culture.","{'wikidata': [], 'internet_archive': []}",[],,https://clevelandart.org/art/2025.65,[],Purchase from the J. H. Wade Fund,,,,,[],,,,2026-05-29 09:16:02.443000
679094,2025.66,CC0,"Story of the Western Chamber – The Delivery of the Love Letter (西廂記 – 寄簡傳情), 1736–95. China, Qing dynasty (1644–1911), Qianlong reign (1736–95). Polychrome woodblock print; ink and color on paper; 52.3 x 26.8 cm (20 9/16 x 10 9/16 in.). The Cleveland Museum of Art, Purchase from the J. H. Wade Fund, 2025.66",,Story of the Western Chamber – The Delivery of the Love Letter,西廂記 – 寄簡傳情,,,1736–95,1736,1795,[],"China, Qing dynasty (1644–1911), Qianlong reign (1736–95)",Polychrome woodblock print; ink and color on paper,[],Chinese Art,China - Qing Dynasty,Print,52.3 x 26.8 cm (20 9/16 x 10 9/16 in.),,,,[],,"(Christer von der Burg, sold to the Cleveland Museum of Art) (?–2025); The Cleveland Museum of Art, Cleveland, OH (2025–)",,[],[],"Woodblock printing in color reached a height in China in the 1600s to 1700s. The prints were executed by means of sets of separate blocks, each carved to print a different color.",,,"In the 1600s, printing flourished in such Jiangnan cities as Nanjing, Suzhou, Hangzhou, and Huizhou, evolving from privately enjoyed illustrated books printed in color to more commercialized single-sheet color prints that were hung on walls and became part of the rich urban visual culture.","{'wikidata': [], 'internet_archive': []}",[],,https://clevelandart.org/art/2025.66,[],Purchase from the J. H. Wade Fund,,,,,[],,,,2026-05-29 09:16:02.806000
679095,2025.67,CC0,"Destined to Succeed in the Examinations (必定中舉圖), 1736–95. China, Qing dynasty (1644–1911), Qianlong reign (1736–95). Polychrome woodblock print; ink and color on paper; 55.5 x 29.2 cm (21 7/8 x 11 1/2 in.). The Cleveland Museum of Art, Purchase from the J. H. Wade Fund, 2025.67",,Destined to Succeed in the Examinations,必定中舉圖,,,1736–95,1736,1795,[],"China, Qing dynasty (1644–1911), Qianlong reign (1736–95)",Polychrome woodblock print; ink and color on paper,[],Chinese Art,China - Qing Dynasty,Print,55.5 x 29.2 cm (21 7/8 x 11 1/2 in.),,,,[],,"(Christer von der Burg, sold to the Cleveland Museum of Art) (?–2025); The Cleveland Museum of Art, Cleveland, OH (2025–)",,[],[],"Woodblock printing in color reached a height in China in the 1600s to 1700s. The prints were executed by means of sets of separate blocks, each carved to print a different color.",,,"In the 1600s, printing flourished in such Jiangnan cities as Nanjing, Suzhou, Hangzhou, and Huizhou, evolving from privately enjoyed illustrated books printed in color to more commercialized single-sheet color prints that were hung on walls and became part of the rich urban visual culture.","{'wikidata': [], 'internet_archive': []}",[],,https://clevelandart.org/art/2025.67,[],Purchase from the J. H. Wade Fund,,,,,[],,,,2026-05-29 09:16:02.888000
679096,2025.68,CC0,"Print in Western Style with Western Text (丁氏仿泰西筆意墨線版畫), 1662–1735. Southeast China, Suzhou, Qing dynasty (1644–1911), Kangxi reign (1662–1722) to Yongzheng reign (1723–35). Woodblock print; ink on paper; 28.5 x 30.3 cm (11 1/4 x 11 15/16 in.). The Cleveland Museum of Art, Purchase from the J. H. Wade Fund, 2025.68",,Print in Western Style with Western Text,丁氏仿泰西筆意墨線版畫,,,1662–1735,1662,1735,[],"Southeast China, Suzhou, Qing dynasty (1644–1911), Kangxi reign (1662–1722) to Yongzheng reign (1723–35)",Woodblock print; ink on paper,[],Chinese Art,China - Qing Dynasty,Print,28.5 x 30.3 cm (11 1/4 x 11 15/16 in.),,,,浙杭钱塘履安丁氏笔,"CURRENT: Print Revolutions: Chinese Impressions, 1630s–1960s (Nov 15, 2026)","(Christer von der Burg, sold to the Cleveland Museum of Art) (?–2025); The Cleveland Museum of Art, Cleveland, OH (2025–)",,[],[],"Woodblock printing in color reached a height in China in the 1600s to 1700s. The prints were executed by means of sets of separate blocks, each carved to print a different color.",,,"In the 1600s, printing flourished in such Jiangnan cities as Nanjing, Suzhou, Hangzhou, and Huizhou, evolving from privately enjoyed illustrated books printed in color to more commercialized single-sheet color prints that were hung on walls and became part of the rich urban visual culture.","{'wikidata': [], 'internet_archive': []}",[],,https://clevelandart.org/art/2025.68,[],Purchase from the J. H. Wade Fund,,,,,[],,,,2026-08-15 11:17:58.771000
679097,2025.69,CC0,"Distinguishing Good from Evil (善惡分明), 1796–1820. China, Qing dynasty (1644–1911), Jiaqing period (1796–1820). Polychrome woodblock print; ink and color on paper; 34.7 x 52.7 cm (13 11/16 x 20 3/4 in.). The Cleveland Museum of Art, Purchase from the J. H. Wade Fund, 2025.69",,Distinguishing Good from Evil,善惡分明,,,1796–1820,1796,1820,[],"China, Qing dynasty (1644–1911), Jiaqing period (1796–1820)",Polychrome woodblock print; ink and color on paper,[],Chinese Art,China - Qing Dynasty,Print,34.7 x 52.7 cm (13 11/16 x 20 3/4 in.),,,,[],,"(Christer von der Burg, sold to the Cleveland Museum of Art) (?–2025); The Cleveland Museum of Art, Cleveland, OH (2025–)",,[],[],"Woodblock printing in color reached a height in China in the 1600s to 1700s. The prints were executed by means of sets of separate blocks, each carved to print a different color.",,,"In the 1600s, printing flourished in such Jiangnan cities as Nanjing, Suzhou, Hangzhou, and Huizhou, evolving from privately enjoyed illustrated books printed in color to more commercialized single-sheet color prints that were hung on walls and became part of the rich urban visual culture.","{'wikidata': [], 'internet_archive': []}",[],,https://clevelandart.org/art/2025.69,[],Purchase from the J. H. Wade Fund,,,,,[],,,,2026-05-29 09:16:03.078000
679098,2025.70,CC0,"Scenes from First Part of Campaign to the East (征東前本), 1796–1820. China, Qing dynasty (1644–1911), Jiaqing period (1796–1820). Polychrome woodblock print; ink and color on paper; print only: 32.2 x 45.6 cm (12 11/16 x 17 15/16 in.); overall: 48.4 x 62.8 cm (19 1/16 x 24 3/4 in.). The Cleveland Museum of Art, Purchase from the J. H. Wade Fund, 2025.70",,Scenes from First Part of Campaign to the East,征東前本,,,1796–1820,1796,1820,[],"China, Qing dynasty (1644–1911), Jiaqing period (1796–1820)",Polychrome woodblock print; ink and color on paper,[],Chinese Art,China - Qing Dynasty,Print,Print only: 32.2 x 45.6 cm (12 11/16 x 17 15/16 in.); Overall: 48.4 x 62.8 cm (19 1/16 x 24 3/4 in.),,,,[],,"(Christer von der Burg, sold to the Cleveland Museum of Art) (?–2025); The Cleveland Museum of Art, Cleveland, OH (2025–)",,[],[],"Woodblock printing in color reached a height in China in the 1600s to 1700s. The prints were executed by means of sets of separate blocks, each carved to print a different color.",,,"In the 1600s, printing flourished in such Jiangnan cities as Nanjing, Suzhou, Hangzhou, and Huizhou, evolving from privately enjoyed illustrated books printed in color to more commercialized single-sheet color prints that were hung on walls and became part of the rich urban visual culture.","{'wikidata': [], 'internet_archive': []}",[],,https://clevelandart.org/art/2025.70,[],Purchase from the J. H. Wade Fund,,,,,[],,,,2026-05-29 09:16:03.486000
679099,2025.71,CC0,"A Newly-Cut Print: Scenes from the Second Part of Record of the Three Kingdoms (新刻三國誌後傳), 1796–1820. China, Qing dynasty (1644–1911), Jiaqing period (1796–1820). Polychrome woodblock print; ink and color on paper; 32.3 x 48.7 cm (12 11/16 x 19 3/16 in.); overall: 48.5 x 64.4 cm (19 1/8 x 25 3/8 in.). The Cleveland Museum of Art, Purchase from the J. H. Wade Fund, 2025.71",,A Newly-Cut Print: Scenes from the Second Part of Record of the Three Kingdoms,新刻三國誌後傳,,,1796–1820,1796,1820,[],"China, Qing dynasty (1644–1911), Jiaqing period (1796–1820)",Polychrome woodblock print; ink and color on paper,[],Chinese Art,China - Qing Dynasty,Print,32.3 x 48.7 cm (12 11/16 x 19 3/16 in.); Overall: 48.5 x 64.4 cm (19 1/8 x 25 3/8 in.),,,,[],,"(Christer von der Burg, sold to the Cleveland Museum of Art) (?–2025); The Cleveland Museum of Art, Cleveland, OH (2025–)",,[],[],"Woodblock printing in color reached a height in China in the 1600s to 1700s. The prints were executed by means of sets of separate blocks, each carved to print a different color.",,,"In the 1600s, printing flourished in such Jiangnan cities as Nanjing, Suzhou, Hangzhou, and Huizhou, evolving from privately enjoyed illustrated books printed in color to more commercialized single-sheet color prints that were hung on walls and became part of the rich urban visual culture.","{'wikidata': [], 'internet_archive': []}",[],,https://clevelandart.org/art/2025.71,[],Purchase from the J. H. Wade Fund,,,,,[],,,,2026-05-29 09:16:03.741000
398803,2025.82,CC0,"Westlake Panorama (西湖全景), mid-1700s. Southeast China, Suzhou, Qing dynasty (1644–1911), Qianlong reign (1736–95). Woodblock print, ink on paper; printed with three wood blocks in shades of black on four sheets; image: 34.6 x 55.4 cm (13 5/8 x 21 13/16 in.); paper: 38 x 59.3 cm (14 15/16 x 23 3/8 in.). The Cleveland Museum of Art, Purchase from the J. H. Wade Fund, 2025.82",,Westlake Panorama,西湖全景,,,mid-1700s,1733,1766,[],"Southeast China, Suzhou, Qing dynasty (1644–1911), Qianlong reign (1736–95)","woodblock print, ink on paper; printed with three wood blocks in shades of black on four sheets",[],Chinese Art,China - Qing Dynasty,Print,Image: 34.6 x 55.4 cm (13 5/8 x 21 13/16 in.); Paper: 38 x 59.3 cm (14 15/16 x 23 3/8 in.),,,,"信德號 
姑蘇管瑞玉頂細西洋畫發客; The 10 scenes on the four prints are identified by their titles: 
Print one: 1. Remnant Snow on Broken Bridge (Duanqiao canxue, 斷橋殘雪), 2. Lotus Breeze at Qu Winery (Quyuan fenghe, 曲院風河 [sic]). 
Print two: 3. Autumn Moon over Placid Lake (Pinghu qiuyue, 平湖秋月), 4. Twin Peaks Piercing the Clouds (Liangfeng chayun, 兩峰插云), 5. Spring Dawn at Su Dike (Sudi chunxiao, 蘇 堤春曉), 11. The emperor’s temporary palace (xinggong, 行宮). 
Print three: 6. Listening to the Orioles by the Willow Ripples (Liulang wenying, 柳浪 聞鶯), 7. Three Stupas and the Reflecting Moon (Santan yinyue, 三潭印月). 
Print four: 8. Watching Fish at Flower Cove (Huagang guanyu, 花港觀魚), 9. Sunset at Leifeng Pagoda (Leifeng xizhao, 雷峰夕照). 10. Evening Bell from Nanping Hill (Nanping wanzhong, 南屏晚鍾.) 
In print two, 11. the emperor’s temporary palace (xinggong 行宮) is also identified.","CURRENT: China’s Southern Paradise: Treasures from the Lower Yangzi Delta (Sep 10, 2023); Print Revolutions: Chinese Impressions, 1630s–1960s (Nov 15, 2026)","(Christer von der Burg, sold to the Cleveland Museum of Art) (?–2025); The Cleveland Museum of Art, Cleveland, OH (2025–)",,[],[],"Woodblock printing in color reached a height in China in the 1600s to 1700s. The prints were executed by means of sets of separate blocks, each carved to print a different color.",,,"Revived by the southern imperial inspection tours, West Lake imagery became a popular subject during the early Qing dynasty. This panorama is composed of four prints, showing the Ten Scenes of the West Lake in Hangzhou along with other sights. The vanishing point perspective and the hatching lines that depict shading, water, or sky derive from European copperplate prints, introduced by missionaries to China, and were celebrated novelties in 18th-century Suzhou prints. These prints also reached Europe to furnish 18th-century palace interiors.","{'wikidata': [], 'internet_archive': []}",[],,https://clevelandart.org/art/2025.82,[],Purchase from the J. H. Wade Fund,,,,,[],https://openaccess-cdn.clevelandart.org/2025.82/2025.82_web.jpg,https://openaccess-cdn.clevelandart.org/2025.82/2025.82_print.jpg,https://openaccess-cdn.clevelandart.org/2025.82/2025.82_full.tif,2026-08-15 11:17:58.548000
678436,2025.82.1,CC0,"Westlake Panorama (西湖全景), mid-1700s. Southeast China, Suzhou, Qing dynasty (1644–1911), Qianlong reign (1736–95). One of four wood-block prints; ink on paper; printed with three woodblocks in shades of black; image: 34.6 x 55.4 cm (13 5/8 x 21 13/16 in.); paper: 38 x 59.3 cm (14 15/16 x 23 3/8 in.). The Cleveland Museum of Art, Purchase from the J. H. Wade Fund, 2025.82.1",,Westlake Panorama,西湖全景,,,mid-1700s,1733,1766,[],"Southeast China, Suzhou, Qing dynasty (1644–1911), Qianlong reign (1736–95)",One of four wood-block prints; ink on paper; printed with three woodblocks in shades of black,[],Chinese Art,China - Qing Dynasty,Print,Image: 34.6 x 55.4 cm (13 5/8 x 21 13/16 in.); Paper: 38 x 59.3 cm (14 15/16 x 23 3/8 in.),,,,"信德號 
姑蘇管瑞玉頂細西洋畫發客; The 10 scenes on the four prints are identified by their titles: 
Print one: 1. Remnant Snow on Broken Bridge (Duanqiao canxue, 斷橋殘雪), 2. Lotus Breeze at Qu Winery (Quyuan fenghe, 曲院風河 [sic]). 
Print two: 3. Autumn Moon over Placid Lake (Pinghu qiuyue, 平湖秋月), 4. Twin Peaks Piercing the Clouds (Liangfeng chayun, 兩峰插云), 5. Spring Dawn at Su Dike (Sudi chunxiao, 蘇 堤春曉), 11. The emperor’s temporary palace (xinggong, 行宮). 
Print three: 6. Listening to the Orioles by the Willow Ripples (Liulang wenying, 柳浪 聞鶯), 7. Three Stupas and the Reflecting Moon (Santan yinyue, 三潭印月). 
Print four: 8. Watching Fish at Flower Cove (Huagang guanyu, 花港觀魚), 9. Sunset at Leifeng Pagoda (Leifeng xizhao, 雷峰夕照). 10. Evening Bell from Nanping Hill (Nanping wanzhong, 南屏晚鍾.) 
In print two, 11. the emperor’s temporary palace (xinggong 行宮) is also identified.","CURRENT: Print Revolutions: Chinese Impressions, 1630s–1960s (Nov 15, 2026)","(Christer von der Burg, sold to the Cleveland Museum of Art) (?–2025); The Cleveland Museum of Art, Cleveland, OH (2025–)",,[],[],"Woodblock printing in color reached a height in China in the 1600s to 1700s. The prints were executed by means of sets of separate blocks, each carved to print a different color.",,,"Revived by the southern imperial inspection tours, West Lake imagery became a popular subject during the early Qing dynasty. This panorama is composed of four prints, showing the Ten Scenes of the West Lake in Hangzhou along with other sights. The vanishing point perspective and the hatching lines that depict shading, water, or sky derive from European copperplate prints, introduced by missionaries to China, and were celebrated novelties in 18th-century Suzhou prints. These prints also reached Europe to furnish 18th-century palace interiors.","{'wikidata': [], 'internet_archive': []}",[],,https://clevelandart.org/art/2025.82.1,"[{'web': {'url': 'https://openaccess-cdn.clevelandart.org/2025.82.1/2025.82.1_alt0_web.jpg', 'width': '900', 'height': '584', 'filesize': '223599'}, 'print': {'url': 'https://openaccess-cdn.clevelandart.org/2025.82.1/2025.82.1_alt0_print.jpg', 'width': '3400', 'height': '2205', 'filesize': '3141488'}, 'full': {'url': 'https://openaccess-cdn.clevelandart.org/2025.82.1/2025.82.1_alt0_full.tif', 'width': '12080', 'height': '7836', 'filesize': '284007274'}, 'date_created': '2025-02-18T11:25:05', 'annotation': ''}]",Purchase from the J. H. Wade Fund,,,,,[],https://openaccess-cdn.clevelandart.org/2025.82.1/2025.82.1_web.jpg,https://openaccess-cdn.clevelandart.org/2025.82.1/2025.82.1_print.jpg,https://openaccess-cdn.clevelandart.org/2025.82.1/2025.82.1_full.tif,2026-08-15 11:17:58.657000
678437,2025.82.2,CC0,"Westlake Panorama (西湖全景), mid-1700s. Southeast China, Suzhou, Qing dynasty (1644–1911), Qianlong reign (1736–95). One of four woodblock prints; ink on paper; printed with three wood blocks in shades of black; image: 34.6 x 55.2 cm (13 5/8 x 21 3/4 in.); paper: 38 x 59.3 cm (14 15/16 x 23 3/8 in.). The Cleveland Museum of Art, Purchase from the J. H. Wade Fund, 2025.82.2",,Westlake Panorama,西湖全景,,,mid-1700s,1733,1766,[],"Southeast China, Suzhou, Qing dynasty (1644–1911), Qianlong reign (1736–95)",One of four woodblock prints; ink on paper; printed with three wood blocks in shades of black,[],Chinese Art,China - Qing Dynasty,Print,Image: 34.6 x 55.2 cm (13 5/8 x 21 3/4 in.); Paper: 38 x 59.3 cm (14 15/16 x 23 3/8 in.),,,,"信德號 
姑蘇管瑞玉頂細西洋畫發客; The 10 scenes on the four prints are identified by their titles: 
Print one: 1. Remnant Snow on Broken Bridge (Duanqiao canxue, 斷橋殘雪), 2. Lotus Breeze at Qu Winery (Quyuan fenghe, 曲院風河 [sic]). 
Print two: 3. Autumn Moon over Placid Lake (Pinghu qiuyue, 平湖秋月), 4. Twin Peaks Piercing the Clouds (Liangfeng chayun, 兩峰插云), 5. Spring Dawn at Su Dike (Sudi chunxiao, 蘇 堤春曉), 11. The emperor’s temporary palace (xinggong, 行宮). 
Print three: 6. Listening to the Orioles by the Willow Ripples (Liulang wenying, 柳浪 聞鶯), 7. Three Stupas and the Reflecting Moon (Santan yinyue, 三潭印月). 
Print four: 8. Watching Fish at Flower Cove (Huagang guanyu, 花港觀魚), 9. Sunset at Leifeng Pagoda (Leifeng xizhao, 雷峰夕照). 10. Evening Bell from Nanping Hill (Nanping wanzhong, 南屏晚鍾.) 
In print two, 11. the emperor’s temporary palace (xinggong 行宮) is also identified.","CURRENT: Print Revolutions: Chinese Impressions, 1630s–1960s (Nov 15, 2026)","(Christer von der Burg, sold to the Cleveland Museum of Art) (?–2025); The Cleveland Museum of Art, Cleveland, OH (2025–)",,[],[],"Woodblock printing in color reached a height in China in the 1600s to 1700s. The prints were executed by means of sets of separate blocks, each carved to print a different color.",,,"Revived by the southern imperial inspection tours, West Lake imagery became a popular subject during the early Qing dynasty. This panorama is composed of four prints, showing the Ten Scenes of the West Lake in Hangzhou along with other sights. The vanishing point perspective and the hatching lines that depict shading, water, or sky derive from European copperplate prints, introduced by missionaries to China, and were celebrated novelties in 18th-century Suzhou prints. These prints also reached Europe to furnish 18th-century palace interiors.","{'wikidata': [], 'internet_archive': []}",[],,https://clevelandart.org/art/2025.82.2,"[{'web': {'url': 'https://openaccess-cdn.clevelandart.org/2025.82.2/2025.82.2_alt0_web.jpg', 'width': '900', 'height': '584', 'filesize': '218899'}, 'print': {'url': 'https://openaccess-cdn.clevelandart.org/2025.82.2/2025.82.2_alt0_print.jpg', 'width': '3400', 'height': '2205', 'filesize': '3141477'}, 'full': {'url': 'https://openaccess-cdn.clevelandart.org/2025.82.2/2025.82.2_alt0_full.tif', 'width': '12081', 'height': '7836', 'filesize': '284030498'}, 'date_created': '2025-02-18T11:27:55', 'annotation': ''}]",Purchase from the J. H. Wade Fund,,,,,[],https://openaccess-cdn.clevelandart.org/2025.82.2/2025.82.2_web.jpg,https://openaccess-cdn.clevelandart.org/2025.82.2/2025.82.2_print.jpg,https://openaccess-cdn.clevelandart.org/2025.82.2/2025.82.2_full.tif,2026-08-15 11:17:58.665000
678438,2025.82.3,CC0,"Westlake Panorama (西湖全景), mid-1700s. Southeast China, Suzhou, Qing dynasty (1644–1911), Qianlong reign (1736–95). One of four wood-block prints; ink on paper; printed with three woodblocks in shades of black; image: 34.4 x 55.2 cm (13 9/16 x 21 3/4 in.); paper: 37.7 x 59.2 cm (14 13/16 x 23 5/16 in.). The Cleveland Museum of Art, Purchase from the J. H. Wade Fund, 2025.82.3",,Westlake Panorama,西湖全景,,,mid-1700s,1733,1766,[],"Southeast China, Suzhou, Qing dynasty (1644–1911), Qianlong reign (1736–95)",One of four wood-block prints; ink on paper; printed with three woodblocks in shades of black,[],Chinese Art,China - Qing Dynasty,Print,Image: 34.4 x 55.2 cm (13 9/16 x 21 3/4 in.); Paper: 37.7 x 59.2 cm (14 13/16 x 23 5/16 in.),,,,"信德號 
姑蘇管瑞玉頂細西洋畫發客; The 10 scenes on the four prints are identified by their titles: 
Print one: 1. Remnant Snow on Broken Bridge (Duanqiao canxue, 斷橋殘雪), 2. Lotus Breeze at Qu Winery (Quyuan fenghe, 曲院風河 [sic]). 
Print two: 3. Autumn Moon over Placid Lake (Pinghu qiuyue, 平湖秋月), 4. Twin Peaks Piercing the Clouds (Liangfeng chayun, 兩峰插云), 5. Spring Dawn at Su Dike (Sudi chunxiao, 蘇 堤春曉), 11. The emperor’s temporary palace (xinggong, 行宮). 
Print three: 6. Listening to the Orioles by the Willow Ripples (Liulang wenying, 柳浪 聞鶯), 7. Three Stupas and the Reflecting Moon (Santan yinyue, 三潭印月). 
Print four: 8. Watching Fish at Flower Cove (Huagang guanyu, 花港觀魚), 9. Sunset at Leifeng Pagoda (Leifeng xizhao, 雷峰夕照). 10. Evening Bell from Nanping Hill (Nanping wanzhong, 南屏晚鍾.) 
In print two, 11. the emperor’s temporary palace (xinggong 行宮) is also identified.","CURRENT: Print Revolutions: Chinese Impressions, 1630s–1960s (Nov 15, 2026)","(Christer von der Burg, sold to the Cleveland Museum of Art) (?–2025); The Cleveland Museum of Art, Cleveland, OH (2025–)",,[],[],"Woodblock printing in color reached a height in China in the 1600s to 1700s. The prints were executed by means of sets of separate blocks, each carved to print a different color.",,,"Revived by the southern imperial inspection tours, West Lake imagery became a popular subject during the early Qing dynasty. This panorama is composed of four prints, showing the Ten Scenes of the West Lake in Hangzhou along with other sights. The vanishing point perspective and the hatching lines that depict shading, water, or sky derive from European copperplate prints, introduced by missionaries to China, and were celebrated novelties in 18th-century Suzhou prints. These prints also reached Europe to furnish 18th-century palace interiors.","{'wikidata': [], 'internet_archive': []}",[],,https://clevelandart.org/art/2025.82.3,"[{'web': {'url': 'https://openaccess-cdn.clevelandart.org/2025.82.3/2025.82.3_alt0_web.jpg', 'width': '900', 'height': '584', 'filesize': '237799'}, 'print': {'url': 'https://openaccess-cdn.clevelandart.org/2025.82.3/2025.82.3_alt0_print.jpg', 'width': '3400', 'height': '2205', 'filesize': '3354243'}, 'full': {'url': 'https://openaccess-cdn.clevelandart.org/2025.82.3/2025.82.3_alt0_full.tif', 'width': '12081', 'height': '7836', 'filesize': '284030726'}, 'date_created': '2025-02-18T11:31:58', 'annotation': ''}]",Purchase from the J. H. Wade Fund,,,,,[],https://openaccess-cdn.clevelandart.org/2025.82.3/2025.82.3_web.jpg,https://openaccess-cdn.clevelandart.org/2025.82.3/2025.82.3_print.jpg,https://openaccess-cdn.clevelandart.org/2025.82.3/2025.82.3_full.tif,2026-08-15 11:17:58.672000
678440,2025.82.4,CC0,"Westlake Panorama (西湖全景), mid-1700s. Southeast China, Suzhou, Qing dynasty (1644–1911), Qianlong reign (1736–95). One of four wood-block prints; ink on paper; printed with three woodblocks in shades of black; image: 34.5 x 55.2 cm (13 9/16 x 21 3/4 in.); paper: 38.2 x 58.9 cm (15 1/16 x 23 3/16 in.). The Cleveland Museum of Art, Purchase from the J. H. Wade Fund, 2025.82.4",,Westlake Panorama,西湖全景,,,mid-1700s,1733,1766,[],"Southeast China, Suzhou, Qing dynasty (1644–1911), Qianlong reign (1736–95)",One of four wood-block prints; ink on paper; printed with three woodblocks in shades of black,[],Chinese Art,China - Qing Dynasty,Print,Image: 34.5 x 55.2 cm (13 9/16 x 21 3/4 in.); Paper: 38.2 x 58.9 cm (15 1/16 x 23 3/16 in.),,,,"信德號 
姑蘇管瑞玉頂細西洋畫發客; The 10 scenes on the four prints are identified by their titles: 
Print one: 1. Remnant Snow on Broken Bridge (Duanqiao canxue, 斷橋殘雪), 2. Lotus Breeze at Qu Winery (Quyuan fenghe, 曲院風河 [sic]). 
Print two: 3. Autumn Moon over Placid Lake (Pinghu qiuyue, 平湖秋月), 4. Twin Peaks Piercing the Clouds (Liangfeng chayun, 兩峰插云), 5. Spring Dawn at Su Dike (Sudi chunxiao, 蘇 堤春曉), 11. The emperor’s temporary palace (xinggong, 行宮). 
Print three: 6. Listening to the Orioles by the Willow Ripples (Liulang wenying, 柳浪 聞鶯), 7. Three Stupas and the Reflecting Moon (Santan yinyue, 三潭印月). 
Print four: 8. Watching Fish at Flower Cove (Huagang guanyu, 花港觀魚), 9. Sunset at Leifeng Pagoda (Leifeng xizhao, 雷峰夕照). 10. Evening Bell from Nanping Hill (Nanping wanzhong, 南屏晚鍾.) 
In print two, 11. the emperor’s temporary palace (xinggong 行宮) is also identified.","CURRENT: Print Revolutions: Chinese Impressions, 1630s–1960s (Nov 15, 2026)","(Christer von der Burg, sold to the Cleveland Museum of Art) (?–2025); The Cleveland Museum of Art, Cleveland, OH (2025–)",,[],[],"Woodblock printing in color reached a height in China in the 1600s to 1700s. The prints were executed by means of sets of separate blocks, each carved to print a different color.",,,"Revived by the southern imperial inspection tours, West Lake imagery became a popular subject during the early Qing dynasty. This panorama is composed of four prints, showing the Ten Scenes of the West Lake in Hangzhou along with other sights. The vanishing point perspective and the hatching lines that depict shading, water, or sky derive from European copperplate prints, introduced by missionaries to China, and were celebrated novelties in 18th-century Suzhou prints. These prints also reached Europe to furnish 18th-century palace interiors.","{'wikidata': [], 'internet_archive': []}",[],,https://clevelandart.org/art/2025.82.4,"[{'web': {'url': 'https://openaccess-cdn.clevelandart.org/2025.82.4/2025.82.4_alt0_web.jpg', 'width': '900', 'height': '584', 'filesize': '233288'}, 'print': {'url': 'https://openaccess-cdn.clevelandart.org/2025.82.4/2025.82.4_alt0_print.jpg', 'width': '3400', 'height': '2205', 'filesize': '3308396'}, 'full': {'url': 'https://openaccess-cdn.clevelandart.org/2025.82.4/2025.82.4_alt0_full.tif', 'width': '12081', 'height': '7835', 'filesize': '283994662'}, 'date_created': '2025-02-18T11:34:25', 'annotation': ''}]",Purchase from the J. H. Wade Fund,,,,,[],https://openaccess-cdn.clevelandart.org/2025.82.4/2025.82.4_web.jpg,https://openaccess-cdn.clevelandart.org/2025.82.4/2025.82.4_print.jpg,https://openaccess-cdn.clevelandart.org/2025.82.4/2025.82.4_full.tif,2026-08-15 11:17:58.683000
679100,2025.72,CC0,"A Newly-Cut Print of Illustrations from The Classic of Mountains and Seas (新刻山海經全圖), 1796–1820. China, Qing dynasty (1644–1911), Jiaqing period (1796–1820). Polychrome woodblock print; ink and color on paper; print only: 33.5 x 46.6 cm (13 3/16 x 18 3/8 in.); overall: 49.7 x 79.8 cm (19 9/16 x 31 7/16 in.). The Cleveland Museum of Art, Purchase from the J. H. Wade Fund, 2025.72",,A Newly-Cut Print of Illustrations from The Classic of Mountains and Seas,新刻山海經全圖,,,1796–1820,1796,1820,[],"China, Qing dynasty (1644–1911), Jiaqing period (1796–1820)",Polychrome woodblock print; ink and color on paper,[],Chinese Art,China - Qing Dynasty,Print,Print only: 33.5 x 46.6 cm (13 3/16 x 18 3/8 in.); Overall: 49.7 x 79.8 cm (19 9/16 x 31 7/16 in.),,,,[],,"(Christer von der Burg, sold to the Cleveland Museum of Art) (?–2025); The Cleveland Museum of Art, Cleveland, OH (2025–)",,[],[],"Woodblock printing in color reached a height in China in the 1600s to 1700s. The prints were executed by means of sets of separate blocks, each carved to print a different color.",,,"In the 1600s, printing flourished in such Jiangnan cities as Nanjing, Suzhou, Hangzhou, and Huizhou, evolving from privately enjoyed illustrated books printed in color to more commercialized single-sheet color prints that were hung on walls and became part of the rich urban visual culture.","{'wikidata': [], 'internet_archive': []}",[],,https://clevelandart.org/art/2025.72,"[{'web': {'url': 'https://openaccess-cdn.clevelandart.org/2025.72/2025.72_alt0_web.jpg', 'width': '900', 'height': '571', 'filesize': '99828'}, 'print': {'url': 'https://openaccess-cdn.clevelandart.org/2025.72/2025.72_alt0_print.jpg', 'width': '3400', 'height': '2156', 'filesize': '2072077'}, 'full': {'url': 'https://openaccess-cdn.clevelandart.org/2025.72/2025.72_alt0_full.tif', 'width': '13085', 'height': '8297', 'filesize': '325725824'}, 'date_created': '2025-06-25T14:28:29', 'annotation': ''}, {'web': {'url': 'https://openaccess-cdn.clevelandart.org/2025.72/2025.72_alt1_web.jpg', 'width': '900', 'height': '571', 'filesize': '251289'}, 'print': {'url': 'https://openaccess-cdn.clevelandart.org/2025.72/2025.72_alt1_print.jpg', 'width': '3400', 'height': '2156', 'filesize': '3881320'}, 'full': {'url': 'https://openaccess-cdn.clevelandart.org/2025.72/2025.72_alt1_full.tif', 'width': '13085', 'height': '8297', 'filesize': '325728804'}, 'date_created': '2025-06-25T14:25:33', 'annotation': ''}]",Purchase from the J. H. Wade Fund,,,,,[],https://openaccess-cdn.clevelandart.org/2025.72/2025.72_web.jpg,https://openaccess-cdn.clevelandart.org/2025.72/2025.72_print.jpg,https://openaccess-cdn.clevelandart.org/2025.72/2025.72_full.tif,2026-05-29 09:16:04.365000
679101,2025.73,CC0,"A Newly Cut Print: Scenes from the First Part of Outlaws of the Marsh (新刻前水滸), 1796–1820. China, Qing dynasty (1644–1911), Jiaqing period (1796–1820). Polychrome woodblock print; ink and color on paper; print only: 33.3 x 46.9 cm (13 1/8 x 18 7/16 in.); overall: 50 x 80 cm (19 11/16 x 31 1/2 in.). The Cleveland Museum of Art, Purchase from the J. H. Wade Fund, 2025.73",,A Newly Cut Print: Scenes from the First Part of Outlaws of the Marsh,新刻前水滸,,,1796–1820,1796,1820,[],"China, Qing dynasty (1644–1911), Jiaqing period (1796–1820)",Polychrome woodblock print; ink and color on paper,[],Chinese Art,China - Qing Dynasty,Print,Print only: 33.3 x 46.9 cm (13 1/8 x 18 7/16 in.); Overall: 50 x 80 cm (19 11/16 x 31 1/2 in.),,,,[],,"(Christer von der Burg, sold to the Cleveland Museum of Art) (?–2025); The Cleveland Museum of Art, Cleveland, OH (2025–)",,[],[],"Woodblock printing in color reached a height in China in the 1600s to 1700s. The prints were executed by means of sets of separate blocks, each carved to print a different color.",,,"In the 1600s, printing flourished in such Jiangnan cities as Nanjing, Suzhou, Hangzhou, and Huizhou, evolving from privately enjoyed illustrated books printed in color to more commercialized single-sheet color prints that were hung on walls and became part of the rich urban visual culture.","{'wikidata': [], 'internet_archive': []}",[],,https://clevelandart.org/art/2025.73,"[{'web': {'url': 'https://openaccess-cdn.clevelandart.org/2025.73/2025.73_alt0_web.jpg', 'width': '900', 'height': '569', 'filesize': '88013'}, 'print': {'url': 'https://openaccess-cdn.clevelandart.org/2025.73/2025.73_alt0_print.jpg', 'width': '3400', 'height': '2151', 'filesize': '1278126'}, 'full': {'url': 'https://openaccess-cdn.clevelandart.org/2025.73/2025.73_alt0_full.tif', 'width': '12903', 'height': '8164', 'filesize': '316046394'}, 'date_created': '2025-10-02T14:11:42', 'annotation': ''}, {'web': {'url': 'https://openaccess-cdn.clevelandart.org/2025.73/2025.73_alt1_web.jpg', 'width': '900', 'height': '569', 'filesize': '244534'}, 'print': {'url': 'https://openaccess-cdn.clevelandart.org/2025.73/2025.73_alt1_print.jpg', 'width': '3400', 'height': '2151', 'filesize': '3441600'}, 'full': {'url': 'https://openaccess-cdn.clevelandart.org/2025.73/2025.73_alt1_full.tif', 'width': '12903', 'height': '8164', 'filesize': '316051492'}, 'date_created': '2025-10-02T14:04:11', 'annotation': ''}]",Purchase from the J. H. Wade Fund,,,,,[],https://openaccess-cdn.clevelandart.org/2025.73/2025.73_web.jpg,https://openaccess-cdn.clevelandart.org/2025.73/2025.73_print.jpg,https://openaccess-cdn.clevelandart.org/2025.73/2025.73_full.tif,2026-05-29 09:16:04.392000
679102,2025.74,CC0,"The Spring Ox (春牛圖), 1882. China, Qing dynasty (1644–1911), Guangxu period (1875–1905). Polychrome woodblock print; ink and color on paper; print only: 28 x 37.8 cm (11 x 14 7/8 in.); overall: 47.9 x 63.5 cm (18 7/8 x 25 in.). The Cleveland Museum of Art, Purchase from the J. H. Wade Fund, 2025.74",,The Spring Ox,春牛圖,,,1882,1882,1882,[],"China, Qing dynasty (1644–1911), Guangxu period (1875–1905)",Polychrome woodblock print; ink and color on paper,[],Chinese Art,China - Qing Dynasty,Print,Print only: 28 x 37.8 cm (11 x 14 7/8 in.); Overall: 47.9 x 63.5 cm (18 7/8 x 25 in.),,,,[],,"(Christer von der Burg, sold to the Cleveland Museum of Art) (?–2025); The Cleveland Museum of Art, Cleveland, OH (2025–)",,[],[],"Woodblock printing in color reached a height in China in the 1600s to 1700s. The prints were executed by means of sets of separate blocks, each carved to print a different color.",,,"In the 1600s, printing flourished in such Jiangnan cities as Nanjing, Suzhou, Hangzhou, and Huizhou, evolving from privately enjoyed illustrated books printed in color to more commercialized single-sheet color prints that were hung on walls and became part of the rich urban visual culture.","{'wikidata': [], 'internet_archive': []}",[],,https://clevelandart.org/art/2025.74,[],Purchase from the J. H. Wade Fund,,,,,[],,,,2026-05-29 09:16:04.118000
679103,2025.75,CC0,"Illustrations of the Sui and Tang Dynasties (隋唐綉像), 1736–95. China, Qing dynasty (1644–1911), Qianlong period (1736–95). Woodblock print; ink on paper; 26.7 x 28.8 cm (10 1/2 x 11 5/16 in.). The Cleveland Museum of Art, Purchase from the J. H. Wade Fund, 2025.75",,Illustrations of the Sui and Tang Dynasties,隋唐綉像,,,1736–95,1736,1795,[],"China, Qing dynasty (1644–1911), Qianlong period (1736–95)",Woodblock print; ink on paper,[],Chinese Art,China - Qing Dynasty,Print,26.7 x 28.8 cm (10 1/2 x 11 5/16 in.),,,,[],,"(Christer von der Burg, sold to the Cleveland Museum of Art) (?–2025); The Cleveland Museum of Art, Cleveland, OH (2025–)",,[],[],"Woodblock printing in color reached a height in China in the 1600s to 1700s. The prints were executed by means of sets of separate blocks, each carved to print a different color.",,,"In the 1600s, printing flourished in such Jiangnan cities as Nanjing, Suzhou, Hangzhou, and Huizhou, evolving from privately enjoyed illustrated books printed in color to more commercialized single-sheet color prints that were hung on walls and became part of the rich urban visual culture.","{'wikidata': [], 'internet_archive': []}",[],,https://clevelandart.org/art/2025.75,[],Purchase from the J. H. Wade Fund,,,,,[],,,,2026-05-29 09:16:04.461000
679104,2025.76,CC0,"Li Wenzhong Clears the North (李文忠掃北), 1796–1820. China, Qing dynasty (1644–1911), Jiaqing period (1796–1820). Polychrome woodblock print; ink and color on paper; 36.2 x 52.2 cm (14 1/4 x 20 9/16 in.). The Cleveland Museum of Art, Purchase from the J. H. Wade Fund, 2025.76",,Li Wenzhong Clears the North,李文忠掃北,,,1796–1820,1796,1820,[],"China, Qing dynasty (1644–1911), Jiaqing period (1796–1820)",Polychrome woodblock print; ink and color on paper,[],Chinese Art,China - Qing Dynasty,Print,36.2 x 52.2 cm (14 1/4 x 20 9/16 in.),,,,[],,"(Christer von der Burg, sold to the Cleveland Museum of Art) (?–2025); The Cleveland Museum of Art, Cleveland, OH (2025–)",,[],[],"Woodblock printing in color reached a height in China in the 1600s to 1700s. The prints were executed by means of sets of separate blocks, each carved to print a different color.",,,"In the 1600s, printing flourished in such Jiangnan cities as Nanjing, Suzhou, Hangzhou, and Huizhou, evolving from privately enjoyed illustrated books printed in color to more commercialized single-sheet color prints that were hung on walls and became part of the rich urban visual culture.","{'wikidata': [], 'internet_archive': []}",[],,https://clevelandart.org/art/2025.76,"[{'web': {'url': 'https://openaccess-cdn.clevelandart.org/2025.76/2025.76_alt0_web.jpg', 'width': '900', 'height': '630', 'filesize': '167299'}, 'print': {'url': 'https://openaccess-cdn.clevelandart.org/2025.76/2025.76_alt0_print.jpg', 'width': '3400', 'height': '2380', 'filesize': '3104587'}, 'full': {'url': 'https://openaccess-cdn.clevelandart.org/2025.76/2025.76_alt0_full.tif', 'width': '10154', 'height': '7109', 'filesize': '216581488'}, 'date_created': '2025-09-23T15:04:37', 'annotation': ''}]",Purchase from the J. H. Wade Fund,,,,,[],https://openaccess-cdn.clevelandart.org/2025.76/2025.76_web.jpg,https://openaccess-cdn.clevelandart.org/2025.76/2025.76_print.jpg,https://openaccess-cdn.clevelandart.org/2025.76/2025.76_full.tif,2026-05-29 09:16:04.704000
679105,2025.77,CC0,"Four Concubines (四妃圖), 1736–95. China, Qing dynasty (1644–1911), Qianlong reign (1736–95). Polychrome woodblock print; ink and color on paper; print only: 95.9 x 54.7 cm (37 3/4 x 21 9/16 in.); overall: 163 x 69.6 cm (64 3/16 x 27 3/8 in.); with knobs: 78.5 cm (30 7/8 in.). The Cleveland Museum of Art, Purchase from the J. H. Wade Fund, 2025.77",,Four Concubines,四妃圖,,,1736–95,1736,1795,[],"China, Qing dynasty (1644–1911), Qianlong reign (1736–95)",Polychrome woodblock print; ink and color on paper,[],Chinese Art,ASIAN - Hanging scroll,Print,Print only: 95.9 x 54.7 cm (37 3/4 x 21 9/16 in.); Overall: 163 x 69.6 cm (64 3/16 x 27 3/8 in.); with knobs: 78.5 cm (30 7/8 in.),,,,[],,"(Christer von der Burg, sold to the Cleveland Museum of Art) (?–2025); The Cleveland Museum of Art, Cleveland, OH (2025–)",,[],[],"Woodblock printing in color reached a height in China in the 1600s to 1700s. The prints were executed by means of sets of separate blocks, each carved to print a different color.",,,"In the 1600s, printing flourished in such Jiangnan cities as Nanjing, Suzhou, Hangzhou, and Huizhou, evolving from privately enjoyed illustrated books printed in color to more commercialized single-sheet color prints that were hung on walls and became part of the rich urban visual culture.","{'wikidata': [], 'internet_archive': []}",[],,https://clevelandart.org/art/2025.77,[],Purchase from the J. H. Wade Fund,,,,,[],,,,2026-06-26 11:50:57.549000
679106,2025.78,CC0,"Drinking Wine in Autumn, Chanting Poems in Winter (秋飲冬吟), 1736–95. China, Qing dynasty (1644–1911), Qianlong reign (1736–95). Hanging scroll; polychrome woodblock print; ink and color on paper; print only: 97.1 x 53.1 cm (38 1/4 x 20 7/8 in.); overall: 178 x 67.1 cm (70 1/16 x 26 7/16 in.); with knobs: 72.3 cm (28 7/16 in.). The Cleveland Museum of Art, Purchase from the J. H. Wade Fund, 2025.78",,"Drinking Wine in Autumn, Chanting Poems in Winter",秋飲冬吟,,,1736–95,1736,1795,[],"China, Qing dynasty (1644–1911), Qianlong reign (1736–95)",Hanging scroll; polychrome woodblock print; ink and color on paper,[],Chinese Art,ASIAN - Hanging scroll,Print,Print only: 97.1 x 53.1 cm (38 1/4 x 20 7/8 in.); Overall: 178 x 67.1 cm (70 1/16 x 26 7/16 in.); with knobs: 72.3 cm (28 7/16 in.),,,,[],,"(Christer von der Burg, sold to the Cleveland Museum of Art) (?–2025); The Cleveland Museum of Art, Cleveland, OH (2025–)",,[],[],"Woodblock printing in color reached a height in China in the 1600s to 1700s. The prints were executed by means of sets of separate blocks, each carved to print a different color.",,,"In the 1600s, printing flourished in such Jiangnan cities as Nanjing, Suzhou, Hangzhou, and Huizhou, evolving from privately enjoyed illustrated books printed in color to more commercialized single-sheet color prints that were hung on walls and became part of the rich urban visual culture.","{'wikidata': [], 'internet_archive': []}",[],,https://clevelandart.org/art/2025.78,[],Purchase from the J. H. Wade Fund,,,,,[],,,,2026-05-29 09:16:05.014000
679107,2025.79,CC0,"The Spring Hunt (春蒐圖), 1662–1735. China, Qing dynasty (1644–1911), Kangxi reign (1622–1722) to Yongzheng reign (1723–35). Hanging scroll; polychrome woodblock print; ink and color on paper; print only: 97 x 51.8 cm (38 3/16 x 20 3/8 in.); overall: 168.4 x 69 cm (66 5/16 x 27 3/16 in.); with knobs: 72 cm (28 3/8 in.). The Cleveland Museum of Art, Purchase from the J. H. Wade Fund, 2025.79",,The Spring Hunt,春蒐圖,,,1662–1735,1662,1735,[],"China, Qing dynasty (1644–1911), Kangxi reign (1622–1722) to Yongzheng reign (1723–35)",Hanging scroll; polychrome woodblock print; ink and color on paper,[],Chinese Art,ASIAN - Hanging scroll,Print,Print only: 97 x 51.8 cm (38 3/16 x 20 3/8 in.); Overall: 168.4 x 69 cm (66 5/16 x 27 3/16 in.); with knobs: 72 cm (28 3/8 in.),,,,[],,"(Christer von der Burg, sold to the Cleveland Museum of Art) (?–2025); The Cleveland Museum of Art, Cleveland, OH (2025–)",,[],[],"Woodblock printing in color reached a height in China in the 1600s to 1700s. The prints were executed by means of sets of separate blocks, each carved to print a different color.",,,"In the 1600s, printing flourished in such Jiangnan cities as Nanjing, Suzhou, Hangzhou, and Huizhou, evolving from privately enjoyed illustrated books printed in color to more commercialized single-sheet color prints that were hung on walls and became part of the rich urban visual culture.","{'wikidata': [], 'internet_archive': []}",[],,https://clevelandart.org/art/2025.79,[],Purchase from the J. H. Wade Fund,,,,,[],,,,2026-06-26 11:50:57.555000
679108,2025.80,CC0,"Wannian Bridge in Suzhou (姑蘇萬年橋), 1741. China, Qing dynasty (1644–1911), Qianlong reign (1736–95). Hanging scroll; polychrome woodblock print; ink and color on paper; print only: 102.3 x 54 cm (40 1/4 x 21 1/4 in.); overall: 176.5 x 57.4 cm (69 1/2 x 22 5/8 in.); with knobs: 176.5 x 62.5 cm (69 1/2 x 24 5/8 in.). The Cleveland Museum of Art, Purchase from the J. H. Wade Fund, 2025.80",,Wannian Bridge in Suzhou,姑蘇萬年橋,,,1741,1741,1741,[],"China, Qing dynasty (1644–1911), Qianlong reign (1736–95)",Hanging scroll; polychrome woodblock print; ink and color on paper,[],Chinese Art,ASIAN - Hanging scroll,Print,Print only: 102.3 x 54 cm (40 1/4 x 21 1/4 in.); Overall: 176.5 x 57.4 cm (69 1/2 x 22 5/8 in.); with knobs: 176.5 x 62.5 cm (69 1/2 x 24 5/8 in.),,,,[],,"(Christer von der Burg, sold to the Cleveland Museum of Art) (?–2025); The Cleveland Museum of Art, Cleveland, OH (2025–)",,[],[],"Woodblock printing in color reached a height in China in the 1600s to 1700s. The prints were executed by means of sets of separate blocks, each carved to print a different color.",,,"In the 1600s, printing flourished in such Jiangnan cities as Nanjing, Suzhou, Hangzhou, and Huizhou, evolving from privately enjoyed illustrated books printed in color to more commercialized single-sheet color prints that were hung on walls and became part of the rich urban visual culture.","{'wikidata': [], 'internet_archive': []}",[],,https://clevelandart.org/art/2025.80,[],Purchase from the J. H. Wade Fund,,,,,[],,,,2026-07-22 11:09:14.214000
679109,2025.81,CC0,"Great Celebrations in an Abundant Year (大慶豐年), 1736–95. China, Qing dynasty (1644–1911), Qianlong reign (1736–95). Hanging scroll; polychrome woodblock print; ink and color on paper; print only: 105.3 x 56.3 cm (41 7/16 x 22 3/16 in.); overall: 174.9 x 70 cm (68 7/8 x 27 9/16 in.); with knobs: 75.5 cm (29 3/4 in.). The Cleveland Museum of Art, Purchase from the J. H. Wade Fund, 2025.81",,Great Celebrations in an Abundant Year,大慶豐年,,,1736–95,1736,1795,[],"China, Qing dynasty (1644–1911), Qianlong reign (1736–95)",Hanging scroll; polychrome woodblock print; ink and color on paper,[],Chinese Art,ASIAN - Hanging scroll,Print,Print only: 105.3 x 56.3 cm (41 7/16 x 22 3/16 in.); Overall: 174.9 x 70 cm (68 7/8 x 27 9/16 in.); with knobs: 75.5 cm (29 3/4 in.),,,,[],,"(Christer von der Burg, sold to the Cleveland Museum of Art) (?–2025); The Cleveland Museum of Art, Cleveland, OH (2025–)",,[],[],"Woodblock printing in color reached a height in China in the 1600s to 1700s. The prints were executed by means of sets of separate blocks, each carved to print a different color.",,,"In the 1600s, printing flourished in such Jiangnan cities as Nanjing, Suzhou, Hangzhou, and Huizhou, evolving from privately enjoyed illustrated books printed in color to more commercialized single-sheet color prints that were hung on walls and became part of the rich urban visual culture.","{'wikidata': [], 'internet_archive': []}",[],,https://clevelandart.org/art/2025.81,[],Purchase from the J. H. Wade Fund,,,,,[],,,,2026-06-26 11:50:57.561000
679111,2025.83,CC0,"Music in the Jade Palace (瓊宮樂奏圖), 1736–95. Southeast China, Suzhou, Qing dynasty (1644–1911), Qianlong reign (1736–95). Multicolor woodblock print on paper; print only: 119 x 60.5 cm (46 7/8 x 23 13/16 in.); overall: 119.5 x 65.6 cm (47 1/16 x 25 13/16 in.). The Cleveland Museum of Art, Purchase from the J. H. Wade Fund, 2025.83",,Music in the Jade Palace,瓊宮樂奏圖,,,1736–95,1736,1795,[],"Southeast China, Suzhou, Qing dynasty (1644–1911), Qianlong reign (1736–95)",Multicolor woodblock print on paper,[],Chinese Art,China - Qing Dynasty,Print,Print only: 119 x 60.5 cm (46 7/8 x 23 13/16 in.); Overall: 119.5 x 65.6 cm (47 1/16 x 25 13/16 in.),,,,"瓊宮樂奏圖
吳區翰海德 寫; 永寧宮","CURRENT: Print Revolutions: Chinese Impressions, 1630s–1960s (Nov 15, 2026)","(Christer von der Burg, sold to the Cleveland Museum of Art) (?–2025); The Cleveland Museum of Art, Cleveland, OH (2025–)",,[],[],"Woodblock printing in color reached a height in China in the 1600s to 1700s. The prints were executed by means of sets of separate blocks, each carved to print a different color.",,,"In the 1600s, printing flourished in such Jiangnan cities as Nanjing, Suzhou, Hangzhou, and Huizhou, evolving from privately enjoyed illustrated books printed in color to more commercialized single-sheet color prints that were hung on walls and became part of the rich urban visual culture.","{'wikidata': [], 'internet_archive': []}",[],,https://clevelandart.org/art/2025.83,"[{'web': {'url': 'https://openaccess-cdn.clevelandart.org/2025.83/2025.83_alt0_web.jpg', 'width': '505', 'height': '900', 'filesize': '139942'}, 'print': {'url': 'https://openaccess-cdn.clevelandart.org/2025.83/2025.83_alt0_print.jpg', 'width': '1908', 'height': '3400', 'filesize': '2231932'}, 'full': {'url': 'https://openaccess-cdn.clevelandart.org/2025.83/2025.83_alt0_full.tif', 'width': '7193', 'height': '12816', 'filesize': '276584634'}, 'date_created': '2025-02-14T14:42:36', 'annotation': ''}, {'web': {'url': 'https://openaccess-cdn.clevelandart.org/2025.83/2025.83_alt1_web.jpg', 'width': '505', 'height': '900', 'filesize': '265352'}, 'print': {'url': 'https://openaccess-cdn.clevelandart.org/2025.83/2025.83_alt1_print.jpg', 'width': '1908', 'height': '3400', 'filesize': '3513816'}, 'full': {'url': 'https://openaccess-cdn.clevelandart.org/2025.83/2025.83_alt1_full.tif', 'width': '7193', 'height': '12815', 'filesize': '276566530'}, 'date_created': '2025-02-14T14:33:39', 'annotation': ''}]",Purchase from the J. H. Wade Fund,,,,,[],https://openaccess-cdn.clevelandart.org/2025.83/2025.83_web.jpg,https://openaccess-cdn.clevelandart.org/2025.83/2025.83_print.jpg,https://openaccess-cdn.clevelandart.org/2025.83/2025.83_full.tif,2026-08-13 11:44:38.330000
679112,2025.84,CC0,"Gathering Osmanthus (折桂圖), 1736–95. Southeast China, Suzhou, Qing dynasty (1644–1911), Qianlong reign (1736–95). Multicolor woodblock print on paper; print only: 120 x 62 cm (47 1/4 x 24 7/16 in.); overall: 120.6 x 67.3 cm (47 1/2 x 26 1/2 in.). The Cleveland Museum of Art, Purchase from the J. H. Wade Fund, 2025.84",,Gathering Osmanthus,折桂圖,,,1736–95,1736,1795,[],"Southeast China, Suzhou, Qing dynasty (1644–1911), Qianlong reign (1736–95)",Multicolor woodblock print on paper,[],Chinese Art,China - Qing Dynasty,Print,Print only: 120 x 62 cm (47 1/4 x 24 7/16 in.); Overall: 120.6 x 67.3 cm (47 1/2 x 26 1/2 in.),,,,[],"CURRENT: Print Revolutions: Chinese Impressions, 1630s–1960s (Nov 15, 2026)","(Christer von der Burg, sold to the Cleveland Museum of Art) (?–2025); The Cleveland Museum of Art, Cleveland, OH (2025–)",,[],[],"Woodblock printing in color reached a height in China in the 1600s to 1700s. The prints were executed by means of sets of separate blocks, each carved to print a different color.",,,"In the 1600s, printing flourished in such Jiangnan cities as Nanjing, Suzhou, Hangzhou, and Huizhou, evolving from privately enjoyed illustrated books printed in color to more commercialized single-sheet color prints that were hung on walls and became part of the rich urban visual culture.","{'wikidata': [], 'internet_archive': []}",[],,https://clevelandart.org/art/2025.84,"[{'web': {'url': 'https://openaccess-cdn.clevelandart.org/2025.84/2025.84_alt0_web.jpg', 'width': '513', 'height': '900', 'filesize': '126098'}, 'print': {'url': 'https://openaccess-cdn.clevelandart.org/2025.84/2025.84_alt0_print.jpg', 'width': '1939', 'height': '3400', 'filesize': '2179868'}, 'full': {'url': 'https://openaccess-cdn.clevelandart.org/2025.84/2025.84_alt0_full.tif', 'width': '7394', 'height': '12965', 'filesize': '287617378'}, 'date_created': '2025-02-14T14:54:50', 'annotation': ''}, {'web': {'url': 'https://openaccess-cdn.clevelandart.org/2025.84/2025.84_alt1_web.jpg', 'width': '513', 'height': '900', 'filesize': '249475'}, 'print': {'url': 'https://openaccess-cdn.clevelandart.org/2025.84/2025.84_alt1_print.jpg', 'width': '1939', 'height': '3400', 'filesize': '3323565'}, 'full': {'url': 'https://openaccess-cdn.clevelandart.org/2025.84/2025.84_alt1_full.tif', 'width': '7393', 'height': '12966', 'filesize': '287603930'}, 'date_created': '2025-02-14T14:52:09', 'annotation': ''}]",Purchase from the J. H. Wade Fund,,,,,[],https://openaccess-cdn.clevelandart.org/2025.84/2025.84_web.jpg,https://openaccess-cdn.clevelandart.org/2025.84/2025.84_print.jpg,https://openaccess-cdn.clevelandart.org/2025.84/2025.84_full.tif,2026-08-13 11:44:38.338000
679113,2025.85,CC0,"Print of Xu Gate and the City Moat (胥門護城河畔圖), 1736–95. Southeast China, Suzhou, Qing dynasty (1644–1911), Qianlong reign (1736–95). Multicolor woodblock print; ink and color on paper; diameter: 24 cm (9 7/16 in.); sheet: 27.8 x 30.3 cm (10 15/16 x 11 15/16 in.). The Cleveland Museum of Art, Purchase from the J. H. Wade Fund, 2025.85",,Print of Xu Gate and the City Moat,胥門護城河畔圖,,,1736–95,1736,1795,[],"Southeast China, Suzhou, Qing dynasty (1644–1911), Qianlong reign (1736–95)",Multicolor woodblock print; ink and color on paper,[],Chinese Art,China - Qing Dynasty,Print,Diameter: 24 cm (9 7/16 in.); Sheet: 27.8 x 30.3 cm (10 15/16 x 11 15/16 in.),,,,玉峰管聯寫於硯雲軒 (Yufeng Guan Lian xie yu yanyun xuan),"CURRENT: Print Revolutions: Chinese Impressions, 1630s–1960s (Nov 15, 2026)","(Christer von der Burg, sold to the Cleveland Museum of Art) (?–2025); The Cleveland Museum of Art, Cleveland, OH (2025–)",,[],[],"Woodblock printing in color reached a height in China in the 1600s to 1700s. The prints were executed by means of sets of separate blocks, each carved to print a different color.",,,"In the 1600s, printing flourished in such Jiangnan cities as Nanjing, Suzhou, Hangzhou, and Huizhou, evolving from privately enjoyed illustrated books printed in color to more commercialized single-sheet color prints that were hung on walls and became part of the rich urban visual culture.","{'wikidata': [], 'internet_archive': []}",[],,https://clevelandart.org/art/2025.85,[],Purchase from the J. H. Wade Fund,,,,,[],,,,2026-08-13 11:44:38.345000
679114,2025.86,CC0,"Print of Xu Gate and the City Moat (胥門護城河畔圖), 1736–95. Southeast China, Suzhou, Qing dynasty (1644–1911), Qianlong reign (1736–95). Multicolor woodblock print; ink and color on paper; diameter: 24.3 cm (9 9/16 in.); sheet: 27.4 x 30.2 cm (10 13/16 x 11 7/8 in.). The Cleveland Museum of Art, Purchase from the J. H. Wade Fund, 2025.86",,Print of Xu Gate and the City Moat,胥門護城河畔圖,,,1736–95,1736,1795,[],"Southeast China, Suzhou, Qing dynasty (1644–1911), Qianlong reign (1736–95)",Multicolor woodblock print; ink and color on paper,[],Chinese Art,China - Qing Dynasty,Print,Diameter: 24.3 cm (9 9/16 in.); Sheet: 27.4 x 30.2 cm (10 13/16 x 11 7/8 in.),,,,玉峰管聯寫於硯雲軒 (Yufeng Guan Lian xie yu yanyun xuan),"CURRENT: Print Revolutions: Chinese Impressions, 1630s–1960s (Nov 15, 2026)","(Christer von der Burg, sold to the Cleveland Museum of Art) (?–2025); The Cleveland Museum of Art, Cleveland, OH (2025–)",,[],[],"Woodblock printing in color reached a height in China in the 1600s to 1700s. The prints were executed by means of sets of separate blocks, each carved to print a different color.",,,"In the 1600s, printing flourished in such Jiangnan cities as Nanjing, Suzhou, Hangzhou, and Huizhou, evolving from privately enjoyed illustrated books printed in color to more commercialized single-sheet color prints that were hung on walls and became part of the rich urban visual culture.","{'wikidata': [], 'internet_archive': []}",[],,https://clevelandart.org/art/2025.86,[],Purchase from the J. H. Wade Fund,,,,,[],,,,2026-08-13 11:44:38.351000
679115,2025.87,CC0,"Touring in Spring, Enjoying Summer (春遊夏賞), 1736–95. Southeast China, Suzhou, Qing dynasty (1644–1911), Qianlong reign (1736–95). Multicolor woodblock print; two shades of ink on paper; print only: 99.3 x 54.9 cm (39 1/8 x 21 5/8 in.); overall: 105 x 58.7 cm (41 5/16 x 23 1/8 in.). The Cleveland Museum of Art, Purchase from the J. H. Wade Fund, 2025.87",,"Touring in Spring, Enjoying Summer",春遊夏賞,,,1736–95,1736,1795,[],"Southeast China, Suzhou, Qing dynasty (1644–1911), Qianlong reign (1736–95)",Multicolor woodblock print; two shades of ink on paper,[],Chinese Art,China - Qing Dynasty,Print,Print only: 99.3 x 54.9 cm (39 1/8 x 21 5/8 in.); Overall: 105 x 58.7 cm (41 5/16 x 23 1/8 in.),,,,,"CURRENT: Print Revolutions: Chinese Impressions, 1630s–1960s (Nov 15, 2026)","(Christer von der Burg, sold to the Cleveland Museum of Art) (?–2025); The Cleveland Museum of Art, Cleveland, OH (2025–)",,[],[],"Woodblock printing in color reached a height in China in the 1600s to 1700s. The prints were executed by means of sets of separate blocks, each carved to print a different color.",,,"In the 1600s, printing flourished in such Jiangnan cities as Nanjing, Suzhou, Hangzhou, and Huizhou, evolving from privately enjoyed illustrated books printed in color to more commercialized single-sheet color prints that were hung on walls and became part of the rich urban visual culture.","{'wikidata': [], 'internet_archive': []}",[],,https://clevelandart.org/art/2025.87,"[{'web': {'url': 'https://openaccess-cdn.clevelandart.org/2025.87/2025.87_alt0_web.jpg', 'width': '514', 'height': '900', 'filesize': '155209'}, 'print': {'url': 'https://openaccess-cdn.clevelandart.org/2025.87/2025.87_alt0_print.jpg', 'width': '1943', 'height': '3400', 'filesize': '2556997'}, 'full': {'url': 'https://openaccess-cdn.clevelandart.org/2025.87/2025.87_alt0_full.tif', 'width': '6465', 'height': '11314', 'filesize': '219462730'}, 'date_created': '2025-02-14T12:14:31', 'annotation': ''}]",Purchase from the J. H. Wade Fund,,,,,[],https://openaccess-cdn.clevelandart.org/2025.87/2025.87_web.jpg,https://openaccess-cdn.clevelandart.org/2025.87/2025.87_print.jpg,https://openaccess-cdn.clevelandart.org/2025.87/2025.87_full.tif,2026-08-13 11:44:38.357000
679116,2025.88,CC0,"First Part of Story of The Western Chamber (全本西廂記), 1736–95. China, Qing dynasty (1644–1911), Qianlong reign (1736–95). Polychrome woodblock print; ink and color on paper; print only: 99.3 x 43.5 cm (39 1/8 x 17 1/8 in.); overall: 122.1 x 57.5 cm (48 1/16 x 22 5/8 in.). The Cleveland Museum of Art, Purchase from the J. H. Wade Fund, 2025.88",,First Part of Story of The Western Chamber,全本西廂記,,,1736–95,1736,1795,[],"China, Qing dynasty (1644–1911), Qianlong reign (1736–95)",Polychrome woodblock print; ink and color on paper,[],Chinese Art,China - Qing Dynasty,Print,Print only: 99.3 x 43.5 cm (39 1/8 x 17 1/8 in.); Overall: 122.1 x 57.5 cm (48 1/16 x 22 5/8 in.),,,,[],,"(Christer von der Burg, sold to the Cleveland Museum of Art) (?–2025); The Cleveland Museum of Art, Cleveland, OH (2025–)",,[],[],"Woodblock printing in color reached a height in China in the 1600s to 1700s. The prints were executed by means of sets of separate blocks, each carved to print a different color.",,,"In the 1600s, printing flourished in such Jiangnan cities as Nanjing, Suzhou, Hangzhou, and Huizhou, evolving from privately enjoyed illustrated books printed in color to more commercialized single-sheet color prints that were hung on walls and became part of the rich urban visual culture.","{'wikidata': [], 'internet_archive': []}",[],,https://clevelandart.org/art/2025.88,"[{'web': {'url': 'https://openaccess-cdn.clevelandart.org/2025.88/2025.88_alt0_web.jpg', 'width': '432', 'height': '900', 'filesize': '94704'}, 'print': {'url': 'https://openaccess-cdn.clevelandart.org/2025.88/2025.88_alt0_print.jpg', 'width': '1633', 'height': '3400', 'filesize': '1919446'}, 'full': {'url': 'https://openaccess-cdn.clevelandart.org/2025.88/2025.88_alt0_full.tif', 'width': '6343', 'height': '13210', 'filesize': '251400330'}, 'date_created': '2025-02-14T12:05:23', 'annotation': ''}, {'web': {'url': 'https://openaccess-cdn.clevelandart.org/2025.88/2025.88_alt1_web.jpg', 'width': '432', 'height': '900', 'filesize': '178048'}, 'print': {'url': 'https://openaccess-cdn.clevelandart.org/2025.88/2025.88_alt1_print.jpg', 'width': '1633', 'height': '3400', 'filesize': '2858480'}, 'full': {'url': 'https://openaccess-cdn.clevelandart.org/2025.88/2025.88_alt1_full.tif', 'width': '6343', 'height': '13210', 'filesize': '251402254'}, 'date_created': '2025-02-14T12:01:16', 'annotation': ''}]",Purchase from the J. H. Wade Fund,,,,,[],https://openaccess-cdn.clevelandart.org/2025.88/2025.88_web.jpg,https://openaccess-cdn.clevelandart.org/2025.88/2025.88_print.jpg,https://openaccess-cdn.clevelandart.org/2025.88/2025.88_full.tif,2026-05-29 09:16:07.046000
679117,2025.89,CC0,"Beauties with Orchids (美人蘭花圖), 1736–95. China, Qing dynasty (1644–1911), Qianlong reign (1736–95). Polychrome woodblock print; ink and color on paper; 66.8 x 49 cm (26 5/16 x 19 5/16 in.). The Cleveland Museum of Art, Purchase from the J. H. Wade Fund, 2025.89",,Beauties with Orchids,美人蘭花圖,,,1736–95,1736,1795,[],"China, Qing dynasty (1644–1911), Qianlong reign (1736–95)",Polychrome woodblock print; ink and color on paper,[],Chinese Art,China - Qing Dynasty,Print,66.8 x 49 cm (26 5/16 x 19 5/16 in.),,,,[],,"(Christer von der Burg, sold to the Cleveland Museum of Art) (?–2025); The Cleveland Museum of Art, Cleveland, OH (2025–)",,[],[],"Woodblock printing in color reached a height in China in the 1600s to 1700s. The prints were executed by means of sets of separate blocks, each carved to print a different color.",,,"In the 1600s, printing flourished in such Jiangnan cities as Nanjing, Suzhou, Hangzhou, and Huizhou, evolving from privately enjoyed illustrated books printed in color to more commercialized single-sheet color prints that were hung on walls and became part of the rich urban visual culture.","{'wikidata': [], 'internet_archive': []}",[],,https://clevelandart.org/art/2025.89,[],Purchase from the J. H. Wade Fund,,,,,[],,,,2026-05-29 09:16:07.044000
679118,2025.90,CC0,"Ladies Playing with a Baby (仕女戲嬰圖), 1736–95. China, Qing dynasty (1644–1911), Qianlong reign (1736–95). Polychrome woodblock print; ink and color on paper; 67.2 x 51.5 cm (26 7/16 x 20 1/4 in.). The Cleveland Museum of Art, Purchase from the J. H. Wade Fund, 2025.90",,Ladies Playing with a Baby,仕女戲嬰圖,,,1736–95,1736,1795,[],"China, Qing dynasty (1644–1911), Qianlong reign (1736–95)",Polychrome woodblock print; ink and color on paper,[],Chinese Art,China - Qing Dynasty,Print,67.2 x 51.5 cm (26 7/16 x 20 1/4 in.),,,,[],,"(Christer von der Burg, sold to the Cleveland Museum of Art) (?–2025); The Cleveland Museum of Art, Cleveland, OH (2025–)",,[],[],"Woodblock printing in color reached a height in China in the 1600s to 1700s. The prints were executed by means of sets of separate blocks, each carved to print a different color.",,,"In the 1600s, printing flourished in such Jiangnan cities as Nanjing, Suzhou, Hangzhou, and Huizhou, evolving from privately enjoyed illustrated books printed in color to more commercialized single-sheet color prints that were hung on walls and became part of the rich urban visual culture.","{'wikidata': [], 'internet_archive': []}",[],,https://clevelandart.org/art/2025.90,[],Purchase from the J. H. Wade Fund,,,,,[],,,,2026-05-29 09:16:07.184000
396870,2025.100,CC0,"View of Changmen Gate in Suzhou (蘇州閶⾨景), 1700s. China, Suzhou, Qing dynasty (1644–1911). Hanging scroll; printed in two shades of black and red ink; image: 34.6 x 52 cm (13 5/8 x 20 1/2 in.); overall: 110 x 66.4 cm (43 5/16 x 26 1/8 in.); overall with knobs: 110 x 71.8 cm (43 5/16 x 28 1/4 in.). The Cleveland Museum of Art, Purchase from the J. H. Wade Fund, 2025.100",,View of Changmen Gate in Suzhou,蘇州閶⾨景,,,1700s,1700,1799,[],"China, Suzhou, Qing dynasty (1644–1911)",Hanging scroll; printed in two shades of black and red ink,[],Chinese Art,ASIAN - Hanging scroll,Print,Image: 34.6 x 52 cm (13 5/8 x 20 1/2 in.); Overall: 110 x 66.4 cm (43 5/16 x 26 1/8 in.); Overall with knobs: 110 x 71.8 cm (43 5/16 x 28 1/4 in.),,,,,"CURRENT: China’s Southern Paradise: Treasures from the Lower Yangzi Delta (Sep 10, 2023); Print Revolutions: Chinese Impressions, 1630s–1960s (Nov 15, 2026)","(Christer von der Burg, sold to the Cleveland Museum of Art) (?–2025); The Cleveland Museum of Art, Cleveland, OH (2025–)",,[],[],"Woodblock printing in color reached a height in China in the 1600s to 1700s. The prints were executed by means of sets of separate blocks, each carved to print a different color.",,,"In the 1600s, printing flourished in such Jiangnan cities as Nanjing, Suzhou, Hangzhou, and Huizhou, evolving from privately enjoyed illustrated books printed in color to more commercialized single-sheet color prints that were hung on walls and became part of the rich urban visual culture.","{'wikidata': [], 'internet_archive': []}",[],,https://clevelandart.org/art/2025.100,[],Purchase from the J. H. Wade Fund,,,,,[],,,,2026-08-13 11:44:38.054000
679119,2025.91.a,CC0,"Mu Yuying Smashes the Gate of Heaven Formation (穆御英大破天門陣), 1662–1722. Southeast China, Suzhou, Qing dynasty (1644–1911), Kangxi reign (1662–1722). Multicolor woodblock print; ink and color on paper; 39 x 62.5 cm (15 3/8 x 24 5/8 in.). The Cleveland Museum of Art, Purchase from the J. H. Wade Fund, 2025.91.a",,Mu Yuying Smashes the Gate of Heaven Formation,穆御英大破天門陣,,,1662–1722,1662,1722,[],"Southeast China, Suzhou, Qing dynasty (1644–1911), Kangxi reign (1662–1722)",Multicolor woodblock print; ink and color on paper,[],Chinese Art,China - Qing Dynasty,Print,39 x 62.5 cm (15 3/8 x 24 5/8 in.),,,,吕雲臺发行,"CURRENT: Print Revolutions: Chinese Impressions, 1630s–1960s (Nov 15, 2026)","(Christer von der Burg, sold to the Cleveland Museum of Art) (?–2025); The Cleveland Museum of Art, Cleveland, OH (2025–)",,[],[],"Woodblock printing in color reached a height in China in the 1600s to 1700s. The prints were executed by means of sets of separate blocks, each carved to print a different color.",,,"In the 1600s, printing flourished in such Jiangnan cities as Nanjing, Suzhou, Hangzhou, and Huizhou, evolving from privately enjoyed illustrated books printed in color to more commercialized single-sheet color prints that were hung on walls and became part of the rich urban visual culture.","{'wikidata': [], 'internet_archive': []}",[],,https://clevelandart.org/art/2025.91.a,[],Purchase from the J. H. Wade Fund,,,,,[],,,,2026-08-13 11:44:38.364000
679120,2025.91.b,CC0,"Happy Fisherfolk (漁家歡樂), 1662–1722. Southeast China, Suzhou, Qing dynasty (1644–1911), Kangxi reign (1662–1722). Multicolor woodblock print; ink and color on paper; 39.7 x 60.5 cm (15 5/8 x 23 13/16 in.). The Cleveland Museum of Art, Purchase from the J. H. Wade Fund, 2025.91.b",,Happy Fisherfolk,漁家歡樂,,,1662–1722,1662,1722,[],"Southeast China, Suzhou, Qing dynasty (1644–1911), Kangxi reign (1662–1722)",Multicolor woodblock print; ink and color on paper,[],Chinese Art,China - Qing Dynasty,Print,39.7 x 60.5 cm (15 5/8 x 23 13/16 in.),,,,陆雲画; 姑苏吕雲臺子天值发行,"CURRENT: Print Revolutions: Chinese Impressions, 1630s–1960s (Nov 15, 2026)","(Christer von der Burg, sold to the Cleveland Museum of Art) (?–2025); The Cleveland Museum of Art, Cleveland, OH (2025–)",,[],[],"Woodblock printing in color reached a height in China in the 1600s to 1700s. The prints were executed by means of sets of separate blocks, each carved to print a different color.",,,"In the 1600s, printing flourished in such Jiangnan cities as Nanjing, Suzhou, Hangzhou, and Huizhou, evolving from privately enjoyed illustrated books printed in color to more commercialized single-sheet color prints that were hung on walls and became part of the rich urban visual culture.","{'wikidata': [], 'internet_archive': []}",[],,https://clevelandart.org/art/2025.91.b,[],Purchase from the J. H. Wade Fund,,,,,[],,,,2026-08-13 11:44:38.370000
679121,2025.92.a,CC0,"Zhang Qian Chances upon Douniu Celestial Palace (張騫誤入斗牛宮), 1723–95. China, Qing dynasty (1644–1911), Yongzheng reign (1723–35) to Qianlong reign (1736–95). Polychrome woodblock print; ink and color on paper; 61.3 x 30 cm (24 1/8 x 11 13/16 in.). The Cleveland Museum of Art, Purchase from the J. H. Wade Fund, 2025.92.a",,Zhang Qian Chances upon Douniu Celestial Palace,張騫誤入斗牛宮,,,1723–95,1723,1795,[],"China, Qing dynasty (1644–1911), Yongzheng reign (1723–35) to Qianlong reign (1736–95)",Polychrome woodblock print; ink and color on paper,[],Chinese Art,China - Qing Dynasty,Print,61.3 x 30 cm (24 1/8 x 11 13/16 in.),,,,[],,"(Christer von der Burg, sold to the Cleveland Museum of Art) (?–2025); The Cleveland Museum of Art, Cleveland, OH (2025–)",,[],[],"Woodblock printing in color reached its height in China in the 1600s and 1700s. It was executed by means of sets of separate blocks, each carved to print a different color.",,,"In the 1600s, printing flourished in such Jiangnan cities as Nanjing, Suzhou, Hangzhou, and Huizhou, evolving from privately enjoyed illustrated books printed in color to more commercialized single-sheet color prints that were hung on walls and became part of the rich urban visual culture.","{'wikidata': [], 'internet_archive': []}",[],,https://clevelandart.org/art/2025.92.a,[],Purchase from the J. H. Wade Fund,,,,,[],,,,2026-05-29 09:16:07.484000
679122,2025.92.b,CC0,"The Twenty Four Paragons of Filial Piety (二十四孝), 1723–95. China, Qing dynasty (1644–1911), Yongzheng reign (1723–35) to Qianlong reign (1736–95). Polychrome woodblock print; ink and color on paper; print only: 59.7 x 27.7 cm (23 1/2 x 10 7/8 in.); sheet: 62.3 x 29.6 cm (24 1/2 x 11 5/8 in.). The Cleveland Museum of Art, Purchase from the J. H. Wade Fund, 2025.92.b",,The Twenty Four Paragons of Filial Piety,二十四孝,,,1723–95,1723,1795,[],"China, Qing dynasty (1644–1911), Yongzheng reign (1723–35) to Qianlong reign (1736–95)",Polychrome woodblock print; ink and color on paper,[],Chinese Art,China - Qing Dynasty,Print,Print only: 59.7 x 27.7 cm (23 1/2 x 10 7/8 in.); Sheet: 62.3 x 29.6 cm (24 1/2 x 11 5/8 in.),,,,[],,"(Christer von der Burg, sold to the Cleveland Museum of Art) (?–2025); The Cleveland Museum of Art, Cleveland, OH (2025–)",,[],[],"Woodblock printing in color reached its height in China in the 1600s and 1700s. It was executed by means of sets of separate blocks, each carved to print a different color.",,,"In the 1600s, printing flourished in such Jiangnan cities as Nanjing, Suzhou, Hangzhou, and Huizhou, evolving from privately enjoyed illustrated books printed in color to more commercialized single-sheet color prints that were hung on walls and became part of the rich urban visual culture.","{'wikidata': [], 'internet_archive': []}",[],,https://clevelandart.org/art/2025.92.b,[],Purchase from the J. H. Wade Fund,,,,,[],,,,2026-05-29 09:16:08.131000
679123,2025.92.c,CC0,"A Scene of Early Spring (早春圖), 1662–1735. China, Qing dynasty (1644–1911), Kangxi reign (1622–1722) to Yongzheng reign (1723–35). Polychrome woodblock print; ink and color on paper; print only: 38.5 x 29.7 cm (15 3/16 x 11 11/16 in.); overall: 63.3 x 41 cm (24 15/16 x 16 1/8 in.). The Cleveland Museum of Art, Purchase from the J. H. Wade Fund, 2025.92.c",,A Scene of Early Spring,早春圖,,,1662–1735,1662,1735,[],"China, Qing dynasty (1644–1911), Kangxi reign (1622–1722) to Yongzheng reign (1723–35)",Polychrome woodblock print; ink and color on paper,[],Chinese Art,ASIAN - Hanging scroll,Print,Print only: 38.5 x 29.7 cm (15 3/16 x 11 11/16 in.); Overall: 63.3 x 41 cm (24 15/16 x 16 1/8 in.),,,,[],,"(Christer von der Burg, sold to the Cleveland Museum of Art) (?–2025); The Cleveland Museum of Art, Cleveland, OH (2025–)",,[],[],"Woodblock printing in color reached its height in China in the seventeenth to eighteenth centuries. It was executed by means of sets of separate blocks, each carved to print a different color.",,,"In the 1600s, printing flourished in such Jiangnan cities as Nanjing, Suzhou, Hangzhou, and Huizhou, evolving from privately enjoyed illustrated books printed in color to more commercialized single-sheet color prints that were hung on walls and became part of the rich urban visual culture.","{'wikidata': [], 'internet_archive': []}",[],,https://clevelandart.org/art/2025.92.c,[],Purchase from the J. H. Wade Fund,,,,,[],,,,2026-05-29 09:16:08.181000
679127,2025.93,CC0,"Happy New Year (新春樂), 1662–1722. China, Qing dynasty (1644–1911), Kangxi reign (1622–1722). Polychrome woodblock print; ink and color on paper; 38.4 x 54.6 cm (15 1/8 x 21 1/2 in.). The Cleveland Museum of Art, Purchase from the J. H. Wade Fund, 2025.93",,Happy New Year,新春樂,,,1662–1722,1662,1722,[],"China, Qing dynasty (1644–1911), Kangxi reign (1622–1722)",Polychrome woodblock print; ink and color on paper,[],Chinese Art,China - Qing Dynasty,Print,38.4 x 54.6 cm (15 1/8 x 21 1/2 in.),,,,[],,"(Christer von der Burg, sold to the Cleveland Museum of Art) (?–2025); The Cleveland Museum of Art, Cleveland, OH (2025–)",,[],[],"Woodblock printing in color reached a height in China in the 1600s to 1700s. The prints were executed by means of sets of separate blocks, each carved to print a different color.",,,"In the 1600s, printing flourished in such Jiangnan cities as Nanjing, Suzhou, Hangzhou, and Huizhou, evolving from privately enjoyed illustrated books printed in color to more commercialized single-sheet color prints that were hung on walls and became part of the rich urban visual culture.","{'wikidata': [], 'internet_archive': []}",[],,https://clevelandart.org/art/2025.93,"[{'web': {'url': 'https://openaccess-cdn.clevelandart.org/2025.93/2025.93_alt0_web.jpg', 'width': '900', 'height': '635', 'filesize': '321818'}, 'print': {'url': 'https://openaccess-cdn.clevelandart.org/2025.93/2025.93_alt0_print.jpg', 'width': '3400', 'height': '2397', 'filesize': '4114899'}, 'full': {'url': 'https://openaccess-cdn.clevelandart.org/2025.93/2025.93_alt0_full.tif', 'width': '10737', 'height': '7571', 'filesize': '243900504'}, 'date_created': '2025-09-23T15:00:01', 'annotation': ''}]",Purchase from the J. H. Wade Fund,,,,,[],https://openaccess-cdn.clevelandart.org/2025.93/2025.93_web.jpg,https://openaccess-cdn.clevelandart.org/2025.93/2025.93_print.jpg,https://openaccess-cdn.clevelandart.org/2025.93/2025.93_full.tif,2026-05-29 09:16:08.342000
679128,2025.94,CC0,"Wife, Wealth, Sons, and a Salary (妻財子禄), 1662–1722. China, Qing dynasty (1644–1911), Kangxi reign (1622–1722). Polychrome woodblock print; ink and color on paper; 39 x 55.7 cm (15 3/8 x 21 15/16 in.). The Cleveland Museum of Art, Purchase from the J. H. Wade Fund, 2025.94",,"Wife, Wealth, Sons, and a Salary",妻財子禄,,,1662–1722,1662,1722,[],"China, Qing dynasty (1644–1911), Kangxi reign (1622–1722)",Polychrome woodblock print; ink and color on paper,[],Chinese Art,China - Qing Dynasty,Print,39 x 55.7 cm (15 3/8 x 21 15/16 in.),,,,[],,"(Christer von der Burg, sold to the Cleveland Museum of Art) (?–2025); The Cleveland Museum of Art, Cleveland, OH (2025–)",,[],[],"Woodblock printing in color reached a height in China in the 1600s to 1700s. The prints were executed by means of sets of separate blocks, each carved to print a different color.",,,"In the 1600s, printing flourished in such Jiangnan cities as Nanjing, Suzhou, Hangzhou, and Huizhou, evolving from privately enjoyed illustrated books printed in color to more commercialized single-sheet color prints that were hung on walls and became part of the rich urban visual culture.","{'wikidata': [], 'internet_archive': []}",[],,https://clevelandart.org/art/2025.94,"[{'web': {'url': 'https://openaccess-cdn.clevelandart.org/2025.94/2025.94_alt0_web.jpg', 'width': '900', 'height': '633', 'filesize': '267026'}, 'print': {'url': 'https://openaccess-cdn.clevelandart.org/2025.94/2025.94_alt0_print.jpg', 'width': '3400', 'height': '2390', 'filesize': '3382407'}, 'full': {'url': 'https://openaccess-cdn.clevelandart.org/2025.94/2025.94_alt0_full.tif', 'width': '10972', 'height': '7714', 'filesize': '253943836'}, 'date_created': '2025-09-23T14:29:27', 'annotation': ''}]",Purchase from the J. H. Wade Fund,,,,,[],https://openaccess-cdn.clevelandart.org/2025.94/2025.94_web.jpg,https://openaccess-cdn.clevelandart.org/2025.94/2025.94_print.jpg,https://openaccess-cdn.clevelandart.org/2025.94/2025.94_full.tif,2026-05-29 09:16:08.374000
679264,2025.95,CC0,"New Year's Day (歲朝圖), 1736–95. China, Qing dynasty (1644–1911), Qianlong period (1736–95). Hanging scroll; polychrome woodblock print; ink and color on paper; print only: 100.2 x 54.9 cm (39 7/16 x 21 5/8 in.); overall: 167.1 x 70.1 cm (65 13/16 x 27 5/8 in.); with knobs: 75.4 cm (29 11/16 in.). The Cleveland Museum of Art, Purchase from the J. H. Wade Fund, 2025.95",,New Year's Day,歲朝圖,,,1736–95,1736,1795,[],"China, Qing dynasty (1644–1911), Qianlong period (1736–95)",Hanging scroll; polychrome woodblock print; ink and color on paper,[],Chinese Art,ASIAN - Hanging scroll,Print,Print only: 100.2 x 54.9 cm (39 7/16 x 21 5/8 in.); Overall: 167.1 x 70.1 cm (65 13/16 x 27 5/8 in.); with knobs: 75.4 cm (29 11/16 in.),,,,[],,"(Christer von der Burg, sold to the Cleveland Museum of Art) (?–2025); The Cleveland Museum of Art, Cleveland, OH (2025)",,[],[],"Woodblock printing in color reached a height in China in the 1600s to 1700s. The prints were executed by means of sets of separate blocks, each carved to print a different color.",,,"In the 1600s, printing flourished in such Jiangnan cities as Nanjing, Suzhou, Hangzhou, and Huizhou, evolving from privately enjoyed illustrated books printed in color to more commercialized single-sheet color prints that were hung on walls and became part of the rich urban visual culture.","{'wikidata': [], 'internet_archive': []}",[],,https://clevelandart.org/art/2025.95,[],Purchase from the J. H. Wade Fund,,,,,[],,,,2026-05-29 09:16:08.982000
679265,2025.96,CC0,"Story of the Western Chamber (⻄廂記), 1736–95. China, Qing dynasty (1644–1911), Qianlong period (1736–95). Hanging scroll; polychrome woodblock print; ink and color on paper; print only: 98.2 x 52.7 cm (38 11/16 x 20 3/4 in.); overall: 169.3 x 98.6 cm (66 5/8 x 38 13/16 in.); overall with knobs: 169.3 x 76 x 3 cm (66 5/8 x 29 15/16 x 1 3/16 in.). The Cleveland Museum of Art, Purchase from the J. H. Wade Fund, 2025.96",,Story of the Western Chamber,⻄廂記,,,1736–95,1736,1795,[],"China, Qing dynasty (1644–1911), Qianlong period (1736–95)",Hanging scroll; polychrome woodblock print; ink and color on paper,[],Chinese Art,ASIAN - Hanging scroll,Print,Print only: 98.2 x 52.7 cm (38 11/16 x 20 3/4 in.); Overall: 169.3 x 98.6 cm (66 5/8 x 38 13/16 in.); Overall with knobs: 169.3 x 76 x 3 cm (66 5/8 x 29 15/16 x 1 3/16 in.),,,,[],,"(Christer von der Burg, sold to the Cleveland Museum of Art) (?–2025); The Cleveland Museum of Art, Cleveland, OH (2025–)",,[],[],"Woodblock printing in color reached a height in China in the 1600s to 1700s. The prints were executed by means of sets of separate blocks, each carved to print a different color.",,,"In the 1600s, printing flourished in such Jiangnan cities as Nanjing, Suzhou, Hangzhou, and Huizhou, evolving from privately enjoyed illustrated books printed in color to more commercialized single-sheet color prints that were hung on walls and became part of the rich urban visual culture.","{'wikidata': [], 'internet_archive': []}",[],,https://clevelandart.org/art/2025.96,[],Purchase from the J. H. Wade Fund,,,,,[],,,,2026-07-22 11:09:14.221000
679266,2025.97,CC0,"The Fierce Battle at the Red Cliff (赤壁鏖兵圖), 1736–95. China, Qing dynasty (1644–1911), Qianlong period (1736–95). Hanging scroll; multicolor woodblock print on paper; print only: 106.3 x 55 cm (41 7/8 x 21 5/8 in.); overall: 175.4 x 70 cm (69 1/16 x 27 9/16 in.); with knobs: 75.5 cm (29 3/4 in.). The Cleveland Museum of Art, Purchase from the J. H. Wade Fund, 2025.97",,The Fierce Battle at the Red Cliff,赤壁鏖兵圖,,,1736–95,1736,1795,[],"China, Qing dynasty (1644–1911), Qianlong period (1736–95)",Hanging scroll; multicolor woodblock print on paper,[],Chinese Art,ASIAN - Hanging scroll,Print,Print only: 106.3 x 55 cm (41 7/8 x 21 5/8 in.); Overall: 175.4 x 70 cm (69 1/16 x 27 9/16 in.); with knobs: 75.5 cm (29 3/4 in.),,,,更新主人寫,"CURRENT: Print Revolutions: Chinese Impressions, 1630s–1960s (Nov 15, 2026)",Christer von der Burg,,[],[],"Woodblock printing in color reached a height in China in the 1600s to 1700s. The prints were executed by means of sets of separate blocks, each carved to print a different color.",,,"In the 1600s, printing flourished in such Jiangnan cities as Nanjing, Suzhou, Hangzhou, and Huizhou, evolving from privately enjoyed illustrated books printed in color to more commercialized single-sheet color prints that were hung on walls and became part of the rich urban visual culture.","{'wikidata': [], 'internet_archive': []}",[],,https://clevelandart.org/art/2025.97,"[{'web': {'url': 'https://openaccess-cdn.clevelandart.org/2025.97/2025.97_alt0_web.jpg', 'width': '426', 'height': '900', 'filesize': '147581'}, 'print': {'url': 'https://openaccess-cdn.clevelandart.org/2025.97/2025.97_alt0_print.jpg', 'width': '1610', 'height': '3400', 'filesize': '2197513'}, 'full': {'url': 'https://openaccess-cdn.clevelandart.org/2025.97/2025.97_alt0_full.tif', 'width': '5803', 'height': '12257', 'filesize': '213410516'}, 'date_created': '2025-10-31T13:04:23', 'annotation': ''}]",Purchase from the J. H. Wade Fund,,,,,[],https://openaccess-cdn.clevelandart.org/2025.97/2025.97_web.jpg,https://openaccess-cdn.clevelandart.org/2025.97/2025.97_print.jpg,https://openaccess-cdn.clevelandart.org/2025.97/2025.97_full.tif,2026-08-13 11:44:38.377000
679267,2025.98,CC0,"Mother with Son Holding a Brush (母童執筆圖), 1736–95. China, Qing dynasty (1644–1911), Qianlong period (1736–95). Hanging scroll; polychrome woodblock print; ink and color on paper; print only: 101.4 x 52.1 cm (39 15/16 x 20 1/2 in.); overall: 178 x 66.9 cm (70 1/16 x 26 5/16 in.); with knobs: 72.3 cm (28 7/16 in.). The Cleveland Museum of Art, Purchase from the J. H. Wade Fund, 2025.98",,Mother with Son Holding a Brush,母童執筆圖,,,1736–95,1736,1795,[],"China, Qing dynasty (1644–1911), Qianlong period (1736–95)",Hanging scroll; polychrome woodblock print; ink and color on paper,[],Chinese Art,ASIAN - Hanging scroll,Print,Print only: 101.4 x 52.1 cm (39 15/16 x 20 1/2 in.); Overall: 178 x 66.9 cm (70 1/16 x 26 5/16 in.); with knobs: 72.3 cm (28 7/16 in.),,,,[],,"(Christer von der Burg, sold to the Cleveland Museum of Art) (?–2025); The Cleveland Museum of Art, Cleveland, OH (2025–)",,[],[],"Woodblock printing in color reached a height in China in the 1600s to 1700s. The prints were executed by means of sets of separate blocks, each carved to print a different color.",,,"In the 1600s, printing flourished in such Jiangnan cities as Nanjing, Suzhou, Hangzhou, and Huizhou, evolving from privately enjoyed illustrated books printed in color to more commercialized single-sheet color prints that were hung on walls and became part of the rich urban visual culture.","{'wikidata': [], 'internet_archive': []}",[],,https://clevelandart.org/art/2025.98,[],Purchase from the J. H. Wade Fund,,,,,[],,,,2026-07-22 11:09:14.229000
679268,2025.99,CC0,"Fang Qing Collapses on the Snow and Encounters Bi Yunxian (方卿跌雪遇畢雲顯), 1796–1820. China, Qing dynasty (1644–1911), Jiaqing period (1796–1820). Polychrome woodblock print; ink and color on paper; 34.5 x 47.3 cm (13 9/16 x 18 5/8 in.). The Cleveland Museum of Art, Purchase from the J. H. Wade Fund, 2025.99",,Fang Qing Collapses on the Snow and Encounters Bi Yunxian,方卿跌雪遇畢雲顯,,,1796–1820,1796,1820,[],"China, Qing dynasty (1644–1911), Jiaqing period (1796–1820)",Polychrome woodblock print; ink and color on paper,[],Chinese Art,China - Qing Dynasty,Print,34.5 x 47.3 cm (13 9/16 x 18 5/8 in.),,,,[],,"(Christer von der Burg, sold to the Cleveland Museum of Art) (?–2025); The Cleveland Museum of Art, Cleveland, OH (2025–)",,[],[],"Woodblock printing in color reached a height in China in the 1600s to 1700s. The prints were executed by means of sets of separate blocks, each carved to print a different color.",,,"In the 1600s, printing flourished in such Jiangnan cities as Nanjing, Suzhou, Hangzhou, and Huizhou, evolving from privately enjoyed illustrated books printed in color to more commercialized single-sheet color prints that were hung on walls and became part of the rich urban visual culture.","{'wikidata': [], 'internet_archive': []}",[],,https://clevelandart.org/art/2025.99,[],Purchase from the J. H. Wade Fund,,,,,[],,,,2026-05-29 09:16:09.628000
679269,2025.101,CC0,"Long Guanbao from the Ballad Wuxiangqiu Performs Martial Arts on a Stage (武香球龍官寶打擂檯), 1736–95. China, Qing dynasty (1644–1911), Qianlong period (1736–95). Polychrome woodblock print; ink and color on paper; print only: 107 x 56.4 cm (42 1/8 x 22 3/16 in.); sheet: 116.3 x 61.7 cm (45 13/16 x 24 5/16 in.). The Cleveland Museum of Art, Purchase from the J. H. Wade Fund, 2025.101",,Long Guanbao from the Ballad Wuxiangqiu Performs Martial Arts on a Stage,武香球龍官寶打擂檯,,,1736–95,1736,1795,[],"China, Qing dynasty (1644–1911), Qianlong period (1736–95)",Polychrome woodblock print; ink and color on paper,[],Chinese Art,China - Qing Dynasty,Print,Print only: 107 x 56.4 cm (42 1/8 x 22 3/16 in.); Sheet: 116.3 x 61.7 cm (45 13/16 x 24 5/16 in.),,,,[],,"(Christer von der Burg, sold to the Cleveland Museum of Art) (?–2025); The Cleveland Museum of Art, Cleveland, OH (2025–)",,[],[],"Woodblock printing in color reached a height in China in the 1600s to 1700s. The prints were executed by means of sets of separate blocks, each carved to print a different color.",,,"In the 1600s, printing flourished in such Jiangnan cities as Nanjing, Suzhou, Hangzhou, and Huizhou, evolving from privately enjoyed illustrated books printed in color to more commercialized single-sheet color prints that were hung on walls and became part of the rich urban visual culture.","{'wikidata': [], 'internet_archive': []}",[],,https://clevelandart.org/art/2025.101,[],Purchase from the J. H. Wade Fund,,,,,[],,,,2026-05-29 09:16:09.832000
679270,2025.102,CC0,"Eight Immortals Honoring the God of Longevity (八仙上壽選仙圖), 1736–95. China, Qing dynasty (1644–1911), Qianlong period (1736–95). Woodblock print; ink on paper; print only: 28.5 x 31.2 cm (11 1/4 x 12 5/16 in.); overall: 30.2 x 31.5 cm (11 7/8 x 12 3/8 in.). The Cleveland Museum of Art, Purchase from the J. H. Wade Fund, 2025.102",,Eight Immortals Honoring the God of Longevity,八仙上壽選仙圖,,,1736–95,1736,1795,[],"China, Qing dynasty (1644–1911), Qianlong period (1736–95)",Woodblock print; ink on paper,[],Chinese Art,China - Qing Dynasty,Print,Print only: 28.5 x 31.2 cm (11 1/4 x 12 5/16 in.); Overall: 30.2 x 31.5 cm (11 7/8 x 12 3/8 in.),,,,[],,"(Christer von der Burg, sold to the Cleveland Museum of Art) (?–2025); The Cleveland Museum of Art, Cleveland, OH (2025–)",,[],[],"Woodblock printing in color reached a height in China in the 1600s to 1700s. The prints were executed by means of sets of separate blocks, each carved to print a different color.",,,"In the 1600s, printing flourished in such Jiangnan cities as Nanjing, Suzhou, Hangzhou, and Huizhou, evolving from privately enjoyed illustrated books printed in color to more commercialized single-sheet color prints that were hung on walls and became part of the rich urban visual culture.","{'wikidata': [], 'internet_archive': []}",[],,https://clevelandart.org/art/2025.102,[],Purchase from the J. H. Wade Fund,,,,,[],,,,2026-05-29 09:16:09.912000
679271,2025.103,CC0,"Eight Immortals and Twelve Zodiac Animals (八仙十二生肖圖), 1736–95. China, Qing dynasty (1644–1911), Qianlong period (1736–95). Woodblock print; ink on paper; print only: 38.1 x 38 cm (15 x 14 15/16 in.); overall: 47.4 x 47.7 cm (18 11/16 x 18 3/4 in.). The Cleveland Museum of Art, Purchase from the J. H. Wade Fund, 2025.103",,Eight Immortals and Twelve Zodiac Animals,八仙十二生肖圖,,,1736–95,1736,1795,[],"China, Qing dynasty (1644–1911), Qianlong period (1736–95)",Woodblock print; ink on paper,[],Chinese Art,China - Qing Dynasty,Print,Print only: 38.1 x 38 cm (15 x 14 15/16 in.); Overall: 47.4 x 47.7 cm (18 11/16 x 18 3/4 in.),,,,[],,"(Christer von der Burg, sold to the Cleveland Museum of Art) (?–2025); The Cleveland Museum of Art, Cleveland, OH (2025–)",,[],[],"Woodblock printing in color reached a height in China in the 1600s to 1700s. The prints were executed by means of sets of separate blocks, each carved to print a different color.",,,"In the 1600s, printing flourished in such Jiangnan cities as Nanjing, Suzhou, Hangzhou, and Huizhou, evolving from privately enjoyed illustrated books printed in color to more commercialized single-sheet color prints that were hung on walls and became part of the rich urban visual culture.","{'wikidata': [], 'internet_archive': []}",[],,https://clevelandart.org/art/2025.103,[],Purchase from the J. H. Wade Fund,,,,,[],,,,2026-06-24 11:19:27.204000
679272,2025.104,CC0,"Dominoes (骨牌圖), 1736–95. China, Qing dynasty (1644–1911), Qianlong period (1736–95). Woodblock print; ink on paper; 30.5 x 30.9 cm (12 x 12 3/16 in.). The Cleveland Museum of Art, Purchase from the J. H. Wade Fund, 2025.104",,Dominoes,骨牌圖,,,1736–95,1736,1795,[],"China, Qing dynasty (1644–1911), Qianlong period (1736–95)",Woodblock print; ink on paper,[],Chinese Art,China - Qing Dynasty,Print,30.5 x 30.9 cm (12 x 12 3/16 in.),,,,[],,"(Christer von der Burg, sold to the Cleveland Museum of Art) (?–2025); The Cleveland Museum of Art, Cleveland, OH (2025–)",,[],[],"Woodblock printing in color reached a height in China in the 1600s to 1700s. The prints were executed by means of sets of separate blocks, each carved to print a different color.",,,"In the 1600s, printing flourished in such Jiangnan cities as Nanjing, Suzhou, Hangzhou, and Huizhou, evolving from privately enjoyed illustrated books printed in color to more commercialized single-sheet color prints that were hung on walls and became part of the rich urban visual culture.","{'wikidata': [], 'internet_archive': []}",[],,https://clevelandart.org/art/2025.104,[],Purchase from the J. H. Wade Fund,,,,,[],,,,2026-05-29 09:16:10.064000
679273,2025.105,CC0,"Leifeng Pagoda Board Game (雷峰塔牌子), 1736–95. China, Qing dynasty (1644–1911), Qianlong period (1736–95). Woodblock print; ink on paper; 31 x 29.8 cm (12 3/16 x 11 3/4 in.). The Cleveland Museum of Art, Purchase from the J. H. Wade Fund, 2025.105",,Leifeng Pagoda Board Game,雷峰塔牌子,,,1736–95,1736,1795,[],"China, Qing dynasty (1644–1911), Qianlong period (1736–95)",Woodblock print; ink on paper,[],Chinese Art,China - Qing Dynasty,Print,31 x 29.8 cm (12 3/16 x 11 3/4 in.),,,,[],,"(Christer von der Burg, sold to the Cleveland Museum of Art) (?–2025); The Cleveland Museum of Art, Cleveland, OH (2025–)",,[],[],"Woodblock printing in color reached a height in China in the 1600s to 1700s. The prints were executed by means of sets of separate blocks, each carved to print a different color.",,,"In the 1600s, printing flourished in such Jiangnan cities as Nanjing, Suzhou, Hangzhou, and Huizhou, evolving from privately enjoyed illustrated books printed in color to more commercialized single-sheet color prints that were hung on walls and became part of the rich urban visual culture.","{'wikidata': [], 'internet_archive': []}",[],,https://clevelandart.org/art/2025.105,[],Purchase from the J. H. Wade Fund,,,,,[],,,,2026-05-29 09:16:10.650000
679345,2025.106,CC0,"Winter Basket: Narcissus, Camellia, and Wax Plum (冬藍：水仙、茶花、蠟梅), 1700–1750. China, Suzhou, Qing dynasty (1644–1911). Polychrome woodblock print; ink and color on paper; 30.2 x 37.3 cm (11 7/8 x 14 11/16 in.). The Cleveland Museum of Art, Purchase from the J. H. Wade Fund, 2025.106",,"Winter Basket: Narcissus, Camellia, and Wax Plum",冬藍：水仙、茶花、蠟梅,,,1700–1750,1700,1750,[],"China, Suzhou, Qing dynasty (1644–1911)",Polychrome woodblock print; ink and color on paper,[],Chinese Art,China - Qing Dynasty,Print,30.2 x 37.3 cm (11 7/8 x 14 11/16 in.),,,,[],,"(Christer von der Burg, sold to the Cleveland Museum of Art) (?–2025); The Cleveland Museum of Art, Cleveland, OH (2025–)",,[],[],"Woodblock printing in color reached a height in China in the 1600s to 1700s. The prints were executed by means of sets of separate blocks, each carved to print a different color.",,,"In the 1600s, printing flourished in such Jiangnan cities as Nanjing, Suzhou, Hangzhou, and Huizhou, evolving from privately enjoyed illustrated books printed in color to more commercialized single-sheet color prints that were hung on walls and became part of the rich urban visual culture.","{'wikidata': [], 'internet_archive': []}",[],,https://clevelandart.org/art/2025.106,[],Purchase from the J. H. Wade Fund,,,,,[],,,,2026-06-02 11:23:18.459000
679346,2025.107,CC0,"Spring Basket: Peony, White Magnolia, and Peach Blossom (春藍：牡丹、白玉蘭、桃花), 1700–1750. China, Suzhou, Qing dynasty (1644–1911). Polychrome woodblock print; ink and color on paper; 28.1 x 37.4 cm (11 1/16 x 14 3/4 in.). The Cleveland Museum of Art, Purchase from the J. H. Wade Fund, 2025.107",,"Spring Basket: Peony, White Magnolia, and Peach Blossom",春藍：牡丹、白玉蘭、桃花,,,1700–1750,1700,1750,[],"China, Suzhou, Qing dynasty (1644–1911)",Polychrome woodblock print; ink and color on paper,[],Chinese Art,China - Qing Dynasty,Print,28.1 x 37.4 cm (11 1/16 x 14 3/4 in.),,,,[],,"(Christer von der Burg, sold to the Cleveland Museum of Art) (?–2025); The Cleveland Museum of Art, Cleveland, OH (2025–)",,[],[],"Woodblock printing in color reached a height in China in the 1600s to 1700s. The prints were executed by means of sets of separate blocks, each carved to print a different color.",,,"In the 1600s, printing flourished in such Jiangnan cities as Nanjing, Suzhou, Hangzhou, and Huizhou, evolving from privately enjoyed illustrated books printed in color to more commercialized single-sheet color prints that were hung on walls and became part of the rich urban visual culture.","{'wikidata': [], 'internet_archive': []}",[],,https://clevelandart.org/art/2025.107,[],Purchase from the J. H. Wade Fund,,,,,[],,,,2026-06-02 11:23:18.466000
679347,2025.108,CC0,"Bird on Pomegranate (石榴上的鳥兒), 1700–1750. Southeast China, Suzhou, Qing dynasty (1644–1911). Multicolor woodblock print; ink and color on paper; 30 x 37.4 cm (11 13/16 x 14 3/4 in.). The Cleveland Museum of Art, Purchase from the J. H. Wade Fund, 2025.108",,Bird on Pomegranate,石榴上的鳥兒,,,1700–1750,1700,1750,[],"Southeast China, Suzhou, Qing dynasty (1644–1911)",Multicolor woodblock print; ink and color on paper,[],Chinese Art,China - Qing Dynasty,Print,30 x 37.4 cm (11 13/16 x 14 3/4 in.),,,,"Signed “Ding Liangxian""","CURRENT: Print Revolutions: Chinese Impressions, 1630s–1960s (Nov 15, 2026)","(Christer von der Burg, sold to the Cleveland Museum of Art) (?–2025); The Cleveland Museum of Art, Cleveland, OH (2025–)",,[],[],"Woodblock printing in color reached a height in China in the 1600s to 1700s. The prints were executed by means of sets of separate blocks, each carved to print a different color.",,,"In the 1600s, printing flourished in such Jiangnan cities as Nanjing, Suzhou, Hangzhou, and Huizhou, evolving from privately enjoyed illustrated books printed in color to more commercialized single-sheet color prints that were hung on walls and became part of the rich urban visual culture.","{'wikidata': [], 'internet_archive': []}",[],,https://clevelandart.org/art/2025.108,"[{'web': {'url': 'https://openaccess-cdn.clevelandart.org/2025.108/2025.108_alt0_web.jpg', 'width': '900', 'height': '723', 'filesize': '195637'}, 'print': {'url': 'https://openaccess-cdn.clevelandart.org/2025.108/2025.108_alt0_print.jpg', 'width': '3400', 'height': '2733', 'filesize': '2960667'}, 'full': {'url': 'https://openaccess-cdn.clevelandart.org/2025.108/2025.108_alt0_full.tif', 'width': '11785', 'height': '9474', 'filesize': '334983058'}, 'date_created': '2025-02-14T16:14:54', 'annotation': ''}]",Purchase from the J. H. Wade Fund,,,,,[],https://openaccess-cdn.clevelandart.org/2025.108/2025.108_web.jpg,https://openaccess-cdn.clevelandart.org/2025.108/2025.108_print.jpg,https://openaccess-cdn.clevelandart.org/2025.108/2025.108_full.tif,2026-08-15 11:17:58.785000
679348,2025.109,CC0,"Waxbills (臘轉春回 - 蠟嘴鳥), 1700–1750. China, Suzhou, Qing dynasty (1644–1911). Polychrome woodblock print; ink and color on paper; 38.3 x 30 cm (15 1/16 x 11 13/16 in.). The Cleveland Museum of Art, Purchase from the J. H. Wade Fund, 2025.109",,Waxbills,臘轉春回 - 蠟嘴鳥,,,1700–1750,1700,1750,[],"China, Suzhou, Qing dynasty (1644–1911)",Polychrome woodblock print; ink and color on paper,[],Chinese Art,China - Qing Dynasty,Print,38.3 x 30 cm (15 1/16 x 11 13/16 in.),,,,[],,"(Christer von der Burg, sold to the Cleveland Museum of Art) (?–2025); The Cleveland Museum of Art, Cleveland, OH (2025–)",,[],[],"Woodblock printing in color reached a height in China in the 1600s to 1700s. The prints were executed by means of sets of separate blocks, each carved to print a different color.",,,"In the 1600s, printing flourished in such Jiangnan cities as Nanjing, Suzhou, Hangzhou, and Huizhou, evolving from privately enjoyed illustrated books printed in color to more commercialized single-sheet color prints that were hung on walls and became part of the rich urban visual culture.","{'wikidata': [], 'internet_archive': []}",[],,https://clevelandart.org/art/2025.109,[],Purchase from the J. H. Wade Fund,,,,,[],,,,2026-06-02 11:23:18.478000
694779,2025.92,CC0,"Three prints: Zhang Qian Chances upon Douniu Celestial Palace; The Twenty Four Paragons of Filial Piety; A Scene of Early Spring (張騫誤入斗牛宮; 二十四孝; 早春圖), 1723–95. China, Qing dynasty (1644–1911), Yongzheng reign (1723–35) to Qianlong reign (1736–95). Three polychrome woodblock prints bound into a booklet; ink and color on paper. The Cleveland Museum of Art, Purchase from the J. H. Wade Fund, 2025.92",,Three prints: Zhang Qian Chances upon Douniu Celestial Palace; The Twenty Four Paragons of Filial Piety; A Scene of Early Spring,張騫誤入斗牛宮; 二十四孝; 早春圖,,,1723–95,1723,1795,[],"China, Qing dynasty (1644–1911), Yongzheng reign (1723–35) to Qianlong reign (1736–95)",Three polychrome woodblock prints bound into a booklet; ink and color on paper,[],Chinese Art,China - Qing Dynasty,Print,,,,,[],,"(Christer von der Burg, sold to the Cleveland Museum of Art) (?–2025); The Cleveland Museum of Art, Cleveland, OH (2025–)",,[],[],"Woodblock printing in color reached its height in China in the seventeenth to eighteenth centuries. It was executed by means of sets of separate blocks, each carved to print a different color.",,,"In the 1600s, printing flourished in such Jiangnan cities as Nanjing, Suzhou, Hangzhou, and Huizhou, evolving from privately enjoyed illustrated books printed in color to more commercialized single-sheet color prints that were hung on walls and became part of the rich urban visual culture.","{'wikidata': [], 'internet_archive': []}",[],,https://clevelandart.org/art/2025.92,[],Purchase from the J. H. Wade Fund,,,,,[],,,,2026-05-29 09:18:28.977000
694844,2025.91,CC0,"Two Prints: Mu Yuying Smashes the Gate of Heaven Formation; Happy Fisherfolk (穆御英大破天門陣; 漁家歡樂), 1662–1722. China, Qing dynasty (1644–1911), Kangxi reign (1622–1722). Two polychrome woodblock prints bound along middle; ink and color on paper. The Cleveland Museum of Art, Purchase from the J. H. Wade Fund, 2025.91",,Two Prints: Mu Yuying Smashes the Gate of Heaven Formation; Happy Fisherfolk,穆御英大破天門陣; 漁家歡樂,,,1662–1722,1662,1722,[],"China, Qing dynasty (1644–1911), Kangxi reign (1622–1722)",Two polychrome woodblock prints bound along middle; ink and color on paper,[],Chinese Art,China - Qing Dynasty,Print,,,,,[],,"(Christer von der Burg, sold to the Cleveland Museum of Art) (?–2025); The Cleveland Museum of Art, Cleveland, OH (2025–)",,[],[],"Woodblock printing in color reached a height in China in the 1600s to 1700s. The prints were executed by means of sets of separate blocks, each carved to print a different color.",,,"In the 1600s, printing flourished in such Jiangnan cities as Nanjing, Suzhou, Hangzhou, and Huizhou, evolving from privately enjoyed illustrated books printed in color to more commercialized single-sheet color prints that were hung on walls and became part of the rich urban visual culture.","{'wikidata': [], 'internet_archive': []}",[],,https://clevelandart.org/art/2025.91,[],Purchase from the J. H. Wade Fund,,,,,[],,,,2026-05-29 09:18:29.557000
398727,2025.116,CC0,"Grasshopper on Pomegranate (蚱蜢石榴), 1700–1750. Southeast China, Suzhou, Qing dynasty (1644–1911). Woodblock printed in black and six other colors; print only: 29.5 x 28.3 cm (11 5/8 x 11 1/8 in.); overall: 40.5 x 49.4 cm (15 15/16 x 19 7/16 in.). The Cleveland Museum of Art, Purchase from the J. H. Wade Fund, 2025.116",,Grasshopper on Pomegranate,蚱蜢石榴,,,1700–1750,1700,1750,[],"Southeast China, Suzhou, Qing dynasty (1644–1911)",Woodblock printed in black and six other colors,[],Chinese Art,China - Qing Dynasty,Print,Print only: 29.5 x 28.3 cm (11 5/8 x 11 1/8 in.); Overall: 40.5 x 49.4 cm (15 15/16 x 19 7/16 in.),,,,"Inscribed and signed: 不須更配宜男草, 只合庭前採⽯榴; Signed: Master [Ding] Liangxian 【丁】亮先氏","CURRENT: China’s Southern Paradise: Treasures from the Lower Yangzi Delta (Sep 10, 2023); Print Revolutions: Chinese Impressions, 1630s–1960s (Nov 15, 2026)","(Christer von der Burg, sold to the Cleveland Museum of Art) (?–2025); The Cleveland Museum of Art, Cleveland, OH (2025–)",,[],[],"Woodblock printing in color reached a height in China in the 1600s to 1700s. The prints were executed by means of sets of separate blocks, each carved to print a different color.",,,"In the 1600s, printing flourished in such Jiangnan cities as Nanjing, Suzhou, Hangzhou, and Huizhou, evolving from privately enjoyed illustrated books printed in color to more commercialized single-sheet color prints that were hung on walls and became part of the rich urban visual culture.","{'wikidata': [], 'internet_archive': []}",[],,https://clevelandart.org/art/2025.116,"[{'web': {'url': 'https://openaccess-cdn.clevelandart.org/2025.116/2025.116_alt0_web.jpg', 'width': '900', 'height': '692', 'filesize': '185090'}, 'print': {'url': 'https://openaccess-cdn.clevelandart.org/2025.116/2025.116_alt0_print.jpg', 'width': '3400', 'height': '2615', 'filesize': '2622483'}, 'full': {'url': 'https://openaccess-cdn.clevelandart.org/2025.116/2025.116_alt0_full.tif', 'width': '11946', 'height': '9187', 'filesize': '329273688'}, 'date_created': '2026-06-05T10:05:02', 'annotation': ''}]",Purchase from the J. H. Wade Fund,,,,,[],https://openaccess-cdn.clevelandart.org/2025.116/2025.116_web.jpg,https://openaccess-cdn.clevelandart.org/2025.116/2025.116_print.jpg,https://openaccess-cdn.clevelandart.org/2025.116/2025.116_full.tif,2026-08-15 11:17:58.540000
679352,2025.110,CC0,"Birds on Plum Branches, 1700–1750. Southeast China, Suzhou, Qing dynasty (1644–1911). Multicolor woodblock print; ink and color on paper; 37.1 x 28.8 cm (14 5/8 x 11 5/16 in.). The Cleveland Museum of Art, Purchase from the J. H. Wade Fund, 2025.110",,Birds on Plum Branches,,,,1700–1750,1700,1750,[],"Southeast China, Suzhou, Qing dynasty (1644–1911)",Multicolor woodblock print; ink and color on paper,[],Chinese Art,China - Qing Dynasty,Print,37.1 x 28.8 cm (14 5/8 x 11 5/16 in.),,,,揚眉得意,"CURRENT: Print Revolutions: Chinese Impressions, 1630s–1960s (Nov 15, 2026)","(Christer von der Burg, sold to the Cleveland Museum of Art) (?–2025); The Cleveland Museum of Art, Cleveland, OH (2025–)",,[],[],"Woodblock printing in color reached a height in China in the 1600s to 1700s. The prints were executed by means of sets of separate blocks, each carved to print a different color.",,,"In the 1600s, printing flourished in such Jiangnan cities as Nanjing, Suzhou, Hangzhou, and Huizhou, evolving from privately enjoyed illustrated books printed in color to more commercialized single-sheet color prints that were hung on walls and became part of the rich urban visual culture.","{'wikidata': [], 'internet_archive': []}",[],,https://clevelandart.org/art/2025.110,[],Purchase from the J. H. Wade Fund,,,,,[],,,,2026-08-15 11:17:58.797000
679353,2025.111,CC0,"Sleeping Birds (月下樹上小鳥), 1700–1750. Southeast China, Suzhou, Qing dynasty (1644–1911). Multicolor woodblock print; ink and five colors on paper; 29 x 37 cm (11 7/16 x 14 9/16 in.). The Cleveland Museum of Art, Purchase from the J. H. Wade Fund, 2025.111",,Sleeping Birds,月下樹上小鳥,,,1700–1750,1700,1750,[],"Southeast China, Suzhou, Qing dynasty (1644–1911)",Multicolor woodblock print; ink and five colors on paper,[],Chinese Art,China - Qing Dynasty,Print,29 x 37 cm (11 7/16 x 14 9/16 in.),,,,[],"CURRENT: Print Revolutions: Chinese Impressions, 1630s–1960s (Nov 15, 2026)","(Christer von der Burg, sold to the Cleveland Museum of Art) (?–2025); The Cleveland Museum of Art, Cleveland, OH (2025–)",,[],[],"Woodblock printing in color reached a height in China in the 1600s to 1700s. The prints were executed by means of sets of separate blocks, each carved to print a different color.",,,"In the 1600s, printing flourished in such Jiangnan cities as Nanjing, Suzhou, Hangzhou, and Huizhou, evolving from privately enjoyed illustrated books printed in color to more commercialized single-sheet color prints that were hung on walls and became part of the rich urban visual culture.","{'wikidata': [], 'internet_archive': []}",[],,https://clevelandart.org/art/2025.111,[],Purchase from the J. H. Wade Fund,,,,,[],,,,2026-08-15 11:17:58.811000
679354,2025.112,CC0,"Butterflies on Roses (玫瑰與蝴蝶), 1700–1750. China, Suzhou, Qing dynasty (1644–1911). Polychrome woodblock print; ink and color on paper; 27.3 x 38.4 cm (10 3/4 x 15 1/8 in.). The Cleveland Museum of Art, Purchase from the J. H. Wade Fund, 2025.112",,Butterflies on Roses,玫瑰與蝴蝶,,,1700–1750,1700,1750,[],"China, Suzhou, Qing dynasty (1644–1911)",Polychrome woodblock print; ink and color on paper,[],Chinese Art,China - Qing Dynasty,Print,27.3 x 38.4 cm (10 3/4 x 15 1/8 in.),,,,"競〔竟〕誇天下無雙艳，/ 
獨佔人間第一香。",,"(Christer von der Burg, sold to the Cleveland Museum of Art) (?–2025); The Cleveland Museum of Art, Cleveland, OH (2025–)",,[],[],"Woodblock printing in color reached a height in China in the 1600s to 1700s. The prints were executed by means of sets of separate blocks, each carved to print a different color.",,,"In the 1600s, printing flourished in such Jiangnan cities as Nanjing, Suzhou, Hangzhou, and Huizhou, evolving from privately enjoyed illustrated books printed in color to more commercialized single-sheet color prints that were hung on walls and became part of the rich urban visual culture.","{'wikidata': [], 'internet_archive': []}",[],,https://clevelandart.org/art/2025.112,[],Purchase from the J. H. Wade Fund,,,,,[],,,,2026-06-02 11:23:18.497000
679355,2025.113,CC0,"Lotus Seeds and Water Caltrops (蓮蓬和菱角), 1700–1750. Southeast China, Suzhou, Qing dynasty (1644–1911). Multicolor woodblock print; ink and color on paper; print only: 29 x 34.2 cm (11 7/16 x 13 7/16 in.). The Cleveland Museum of Art, Purchase from the J. H. Wade Fund, 2025.113",,Lotus Seeds and Water Caltrops,蓮蓬和菱角,,,1700–1750,1700,1750,[],"Southeast China, Suzhou, Qing dynasty (1644–1911)",Multicolor woodblock print; ink and color on paper,[],Chinese Art,China - Qing Dynasty,Print,Print only: 29 x 34.2 cm (11 7/16 x 13 7/16 in.),,,,[],"CURRENT: Print Revolutions: Chinese Impressions, 1630s–1960s (Nov 15, 2026)","(Christer von der Burg, sold to the Cleveland Museum of Art) (?–2025); The Cleveland Museum of Art, Cleveland, OH (2025–)",,[],[],"Woodblock printing in color reached a height in China in the 1600s to 1700s. The prints were executed by means of sets of separate blocks, each carved to print a different color.",,,"In the 1600s, printing flourished in such Jiangnan cities as Nanjing, Suzhou, Hangzhou, and Huizhou, evolving from privately enjoyed illustrated books printed in color to more commercialized single-sheet color prints that were hung on walls and became part of the rich urban visual culture.","{'wikidata': [], 'internet_archive': []}",[],,https://clevelandart.org/art/2025.113,"[{'web': {'url': 'https://openaccess-cdn.clevelandart.org/2025.113/2025.113_alt0_web.jpg', 'width': '900', 'height': '772', 'filesize': '272574'}, 'print': {'url': 'https://openaccess-cdn.clevelandart.org/2025.113/2025.113_alt0_print.jpg', 'width': '3400', 'height': '2918', 'filesize': '4198341'}, 'full': {'url': 'https://openaccess-cdn.clevelandart.org/2025.113/2025.113_alt0_full.tif', 'width': '10160', 'height': '8720', 'filesize': '265815090'}, 'date_created': '2025-02-25T14:55:20', 'annotation': ''}]",Purchase from the J. H. Wade Fund,,,,,[],https://openaccess-cdn.clevelandart.org/2025.113/2025.113_web.jpg,https://openaccess-cdn.clevelandart.org/2025.113/2025.113_print.jpg,https://openaccess-cdn.clevelandart.org/2025.113/2025.113_full.tif,2026-08-15 11:17:58.825000
679365,2025.114,CC0,"Apples and Pomegranates, first half of the 1700s. China, Suzhou, Qing dynasty (1644–1911). Polychrome woodblock print; ink and color on paper; 30.3 x 37.7 cm (11 15/16 x 14 13/16 in.). The Cleveland Museum of Art, Purchase from the J. H. Wade Fund, 2025.114",,Apples and Pomegranates,,,,first half of the 1700s,1700,1750,[],"China, Suzhou, Qing dynasty (1644–1911)",Polychrome woodblock print; ink and color on paper,[],Chinese Art,China - Qing Dynasty,Print,30.3 x 37.7 cm (11 15/16 x 14 13/16 in.),,,,[],,"(Christer von der Burg, sold to the Cleveland Museum of Art) (?–2025); The Cleveland Museum of Art, Cleveland, OH (2025–)",,[],[],"Woodblock printing in color reached a height in China in the 1600s to 1700s. The prints were executed by means of sets of separate blocks, each carved to print a different color.",,,"In the 1600s, printing flourished in such Jiangnan cities as Nanjing, Suzhou, Hangzhou, and Huizhou, evolving from privately enjoyed illustrated books printed in color to more commercialized single-sheet color prints that were hung on walls and became part of the rich urban visual culture.","{'wikidata': [], 'internet_archive': []}",[],,https://clevelandart.org/art/2025.114,[],Purchase from the J. H. Wade Fund,,,,,[],,,,2026-06-02 11:23:18.513000
679366,2025.115,CC0,"Watermelon and Grapes (西瓜與葡萄), 1700–1750. China, Suzhou, Qing dynasty (1644–1911). Polychrome woodblock print; ink and color on paper; 33 x 37.5 cm (13 x 14 3/4 in.). The Cleveland Museum of Art, Purchase from the J. H. Wade Fund, 2025.115",,Watermelon and Grapes,西瓜與葡萄,,,1700–1750,1700,1750,[],"China, Suzhou, Qing dynasty (1644–1911)",Polychrome woodblock print; ink and color on paper,[],Chinese Art,China - Qing Dynasty,Print,33 x 37.5 cm (13 x 14 3/4 in.),,,,[],,"(Christer von der Burg, sold to the Cleveland Museum of Art) (?–2025); The Cleveland Museum of Art, Cleveland, OH (2025–)",,[],[],"Woodblock printing in color reached a height in China in the 1600s to 1700s. The prints were executed by means of sets of separate blocks, each carved to print a different color.",,,"In the 1600s, printing flourished in such Jiangnan cities as Nanjing, Suzhou, Hangzhou, and Huizhou, evolving from privately enjoyed illustrated books printed in color to more commercialized single-sheet color prints that were hung on walls and became part of the rich urban visual culture.","{'wikidata': [], 'internet_archive': []}",[],,https://clevelandart.org/art/2025.115,[],Purchase from the J. H. Wade Fund,,,,,[],,,,2026-06-02 11:23:18.522000
679367,2025.117,CC0,"Praying Mantis on a Lychee (荔枝上的螳螂), 1700–1750. Southeast China, Suzhou, Qing dynasty (1644–1911). Multicolor woodblock print; ink and color on paper; 28.3 x 38.4 cm (11 1/8 x 15 1/8 in.). The Cleveland Museum of Art, Purchase from the J. H. Wade Fund, 2025.117",,Praying Mantis on a Lychee,荔枝上的螳螂,,,1700–1750,1700,1750,[],"Southeast China, Suzhou, Qing dynasty (1644–1911)",Multicolor woodblock print; ink and color on paper,[],Chinese Art,China - Qing Dynasty,Print,28.3 x 38.4 cm (11 1/8 x 15 1/8 in.),,,,Signed: Master [Ding] Liangxian 【丁】亮先氏,"CURRENT: Print Revolutions: Chinese Impressions, 1630s–1960s (Nov 15, 2026)","(Christer von der Burg, sold to the Cleveland Museum of Art) (?–2025); The Cleveland Museum of Art, Cleveland, OH (2025–)",,[],[],"Woodblock printing in color reached a height in China in the 1600s to 1700s. The prints were executed by means of sets of separate blocks, each carved to print a different color.",,,"In the 1600s, printing flourished in such Jiangnan cities as Nanjing, Suzhou, Hangzhou, and Huizhou, evolving from privately enjoyed illustrated books printed in color to more commercialized single-sheet color prints that were hung on walls and became part of the rich urban visual culture.","{'wikidata': [], 'internet_archive': []}",[],,https://clevelandart.org/art/2025.117,[],Purchase from the J. H. Wade Fund,,,,,[],,,,2026-08-15 11:17:58.837000
679368,2025.118,CC0,"Bird on Lotus (蓮花和鸟), 1700–1750. Southeast China, Suzhou, Qing dynasty (1644–1911). Multicolor woodblock print and embossing; ink and color on paper; 30.1 x 38.2 cm (11 7/8 x 15 1/16 in.). The Cleveland Museum of Art, Purchase from the J. H. Wade Fund, 2025.118",,Bird on Lotus,蓮花和鸟,,,1700–1750,1700,1750,[],"Southeast China, Suzhou, Qing dynasty (1644–1911)",Multicolor woodblock print and embossing; ink and color on paper,[],Chinese Art,China - Qing Dynasty,Print,30.1 x 38.2 cm (11 7/8 x 15 1/16 in.),,,,Poem with Signature: 【丁】亮先氏;  [Ding] Liangxian,"CURRENT: Print Revolutions: Chinese Impressions, 1630s–1960s (Nov 15, 2026)","(Christer von der Burg, sold to the Cleveland Museum of Art) (?–2025); The Cleveland Museum of Art, Cleveland, OH (2025–)",,[],[],"Woodblock printing in color reached a height in China in the 1600s to 1700s. The prints were executed by means of sets of separate blocks, each carved to print a different color.",,,"In the 1600s, printing flourished in such Jiangnan cities as Nanjing, Suzhou, Hangzhou, and Huizhou, evolving from privately enjoyed illustrated books printed in color to more commercialized single-sheet color prints that were hung on walls and became part of the rich urban visual culture.","{'wikidata': [], 'internet_archive': []}","von Spee, Clarissa. “18th-Century Prints from Suzhou: A New Acquisition Transforms the Chinese Collection.” <em>Cleveland Art: Cleveland Museum of Art Members Magazine </em>65, no. 3 (2025): 28–29. (Reproduced: p. 28);",,https://clevelandart.org/art/2025.118,"[{'web': {'url': 'https://openaccess-cdn.clevelandart.org/2025.118/2025.118_alt0_web.jpg', 'width': '900', 'height': '721', 'filesize': '257331'}, 'print': {'url': 'https://openaccess-cdn.clevelandart.org/2025.118/2025.118_alt0_print.jpg', 'width': '3400', 'height': '2724', 'filesize': '3817546'}, 'full': {'url': 'https://openaccess-cdn.clevelandart.org/2025.118/2025.118_alt0_full.tif', 'width': '11060', 'height': '8861', 'filesize': '294037962'}, 'date_created': '2025-02-25T14:52:56', 'annotation': ''}]",Purchase from the J. H. Wade Fund,,,,,[],https://openaccess-cdn.clevelandart.org/2025.118/2025.118_web.jpg,https://openaccess-cdn.clevelandart.org/2025.118/2025.118_print.jpg,https://openaccess-cdn.clevelandart.org/2025.118/2025.118_full.tif,2026-08-15 11:17:58.847000
679369,2025.119,CC0,"Three Friends of Winter (歲寒三友圖), 1700s. Southeast China, Suzhou, Qing dynasty (1644–1911). Multicolor woodblock print; ink and color on paper; 30.1 x 37.4 cm (11 7/8 x 14 3/4 in.). The Cleveland Museum of Art, Purchase from the J. H. Wade Fund, 2025.119",,Three Friends of Winter,歲寒三友圖,,,1700s,1700,1799,[],"Southeast China, Suzhou, Qing dynasty (1644–1911)",Multicolor woodblock print; ink and color on paper,[],Chinese Art,China - Qing Dynasty,Print,30.1 x 37.4 cm (11 7/8 x 14 3/4 in.),,,,[],"CURRENT: Print Revolutions: Chinese Impressions, 1630s–1960s (Nov 15, 2026)","(Christer von der Burg, sold to the Cleveland Museum of Art) (?–2025); The Cleveland Museum of Art, Cleveland, OH (2025–)",,[],[],"Woodblock printing in color reached a height in China in the 1600s to 1700s. The prints were executed by means of sets of separate blocks, each carved to print a different color.",,,"In the 1600s, printing flourished in such Jiangnan cities as Nanjing, Suzhou, Hangzhou, and Huizhou, evolving from privately enjoyed illustrated books printed in color to more commercialized single-sheet color prints that were hung on walls and became part of the rich urban visual culture.","{'wikidata': [], 'internet_archive': []}",[],,https://clevelandart.org/art/2025.119,[],Purchase from the J. H. Wade Fund,,,,,[],,,,2026-08-15 11:17:58.855000
679370,2025.120,CC0,"Insect on Viburnum (紫荊上的昆蟲), 1700–1750. China, Suzhou, Qing dynasty (1644–1911). Polychrome woodblock print; ink and color on paper; 24.1 x 33.4 cm (9 1/2 x 13 1/8 in.). The Cleveland Museum of Art, Purchase from the J. H. Wade Fund, 2025.120",,Insect on Viburnum,紫荊上的昆蟲,,,1700–1750,1700,1750,[],"China, Suzhou, Qing dynasty (1644–1911)",Polychrome woodblock print; ink and color on paper,[],Chinese Art,China - Qing Dynasty,Print,24.1 x 33.4 cm (9 1/2 x 13 1/8 in.),,,,[],,"(Christer von der Burg, sold to the Cleveland Museum of Art) (?–2025); The Cleveland Museum of Art, Cleveland, OH (2025–)",,[],[],"Woodblock printing in color reached a height in China in the 1600s to 1700s. The prints were executed by means of sets of separate blocks, each carved to print a different color.",,,"In the 1600s, printing flourished in such Jiangnan cities as Nanjing, Suzhou, Hangzhou, and Huizhou, evolving from privately enjoyed illustrated books printed in color to more commercialized single-sheet color prints that were hung on walls and became part of the rich urban visual culture.","{'wikidata': [], 'internet_archive': []}",[],,https://clevelandart.org/art/2025.120,[],Purchase from the J. H. Wade Fund,,,,,[],,,,2026-06-02 11:23:18.569000
679371,2025.121,CC0,"Chrysanthemum, Begonia, and Blue Asters (菊花、秋海棠、與紫菀), 1700–1750. China, Suzhou, Qing dynasty (1644–1911). Polychrome woodblock print; ink and color on paper; 28.5 x 36.5 cm (11 1/4 x 14 3/8 in.). The Cleveland Museum of Art, Purchase from the J. H. Wade Fund, 2025.121",,"Chrysanthemum, Begonia, and Blue Asters",菊花、秋海棠、與紫菀,,,1700–1750,1700,1750,[],"China, Suzhou, Qing dynasty (1644–1911)",Polychrome woodblock print; ink and color on paper,[],Chinese Art,China - Qing Dynasty,Print,28.5 x 36.5 cm (11 1/4 x 14 3/8 in.),,,,[],,"(Christer von der Burg, sold to the Cleveland Museum of Art) (?–2025); The Cleveland Museum of Art, Cleveland, OH (2025–)",,[],[],"Woodblock printing in color reached a height in China in the 1600s to 1700s. The prints were executed by means of sets of separate blocks, each carved to print a different color.",,,"In the 1600s, printing flourished in such Jiangnan cities as Nanjing, Suzhou, Hangzhou, and Huizhou, evolving from privately enjoyed illustrated books printed in color to more commercialized single-sheet color prints that were hung on walls and became part of the rich urban visual culture.","{'wikidata': [], 'internet_archive': []}",[],,https://clevelandart.org/art/2025.121,[],Purchase from the J. H. Wade Fund,,,,,[],,,,2026-06-02 11:23:18.579000
679372,2025.122,CC0,"Chrysanthemum, Begonia, and Blue Asters (菊花、秋海棠、與紫菀), 1700–1750. China, Suzhou, Qing dynasty (1644–1911). Polychrome woodblock print; ink and color on paper; 25.9 x 33.1 cm (10 3/16 x 13 1/16 in.). The Cleveland Museum of Art, Purchase from the J. H. Wade Fund, 2025.122",,"Chrysanthemum, Begonia, and Blue Asters",菊花、秋海棠、與紫菀,,,1700–1750,1700,1750,[],"China, Suzhou, Qing dynasty (1644–1911)",Polychrome woodblock print; ink and color on paper,[],Chinese Art,China - Qing Dynasty,Print,25.9 x 33.1 cm (10 3/16 x 13 1/16 in.),,,,[],,"(Christer von der Burg, sold to the Cleveland Museum of Art) (?–2025); The Cleveland Museum of Art, Cleveland, OH (2025–)",,[],[],"Woodblock printing in color reached a height in China in the 1600s to 1700s. The prints were executed by means of sets of separate blocks, each carved to print a different color.",,,"In the 1600s, printing flourished in such Jiangnan cities as Nanjing, Suzhou, Hangzhou, and Huizhou, evolving from privately enjoyed illustrated books printed in color to more commercialized single-sheet color prints that were hung on walls and became part of the rich urban visual culture.","{'wikidata': [], 'internet_archive': []}",[],,https://clevelandart.org/art/2025.122,[],Purchase from the J. H. Wade Fund,,,,,[],,,,2026-06-02 11:23:18.587000
679373,2025.123,CC0,"Mustard Garden Print (芥子園畫譜), 1700–1750. China, Suzhou, Qing dynasty (1644–1911). Polychrome woodblock print; ink and color on paper; 25.6 x 32.2 cm (10 1/16 x 12 11/16 in.). The Cleveland Museum of Art, Purchase from the J. H. Wade Fund, 2025.123",,Mustard Garden Print,芥子園畫譜,,,1700–1750,1700,1750,[],"China, Suzhou, Qing dynasty (1644–1911)",Polychrome woodblock print; ink and color on paper,[],Chinese Art,China - Qing Dynasty,Print,25.6 x 32.2 cm (10 1/16 x 12 11/16 in.),,,,[],,"(Christer von der Burg, sold to the Cleveland Museum of Art) (?–2025); The Cleveland Museum of Art, Cleveland, OH (2025–)",,[],[],"Woodblock printing in color reached a height in China in the 1600s to 1700s. The prints were executed by means of sets of separate blocks, each carved to print a different color.",,,"In the 1600s, printing flourished in such Jiangnan cities as Nanjing, Suzhou, Hangzhou, and Huizhou, evolving from privately enjoyed illustrated books printed in color to more commercialized single-sheet color prints that were hung on walls and became part of the rich urban visual culture.","{'wikidata': [], 'internet_archive': []}",[],,https://clevelandart.org/art/2025.123,[],Purchase from the J. H. Wade Fund,,,,,[],,,,2026-06-02 11:23:18.596000
679374,2025.124,CC0,"Autumn Basket: Hibiscus, Yellow Hibiscus, and Chrysanthemum (秋籃: 芙蓉花、黃芙蓉與菊花), 1700–1750. China, Suzhou, Qing dynasty (1644–1911). Polychrome woodblock print; ink and color on paper; 23.7 x 31.3 cm (9 5/16 x 12 5/16 in.). The Cleveland Museum of Art, Purchase from the J. H. Wade Fund, 2025.124",,"Autumn Basket: Hibiscus, Yellow Hibiscus, and Chrysanthemum",秋籃: 芙蓉花、黃芙蓉與菊花,,,1700–1750,1700,1750,[],"China, Suzhou, Qing dynasty (1644–1911)",Polychrome woodblock print; ink and color on paper,[],Chinese Art,China - Qing Dynasty,Print,23.7 x 31.3 cm (9 5/16 x 12 5/16 in.),,,,[],,"(Christer von der Burg, sold to the Cleveland Museum of Art) (?–2025); The Cleveland Museum of Art, Cleveland, OH (2025–)",,[],[],"Woodblock printing in color reached a height in China in the 1600s to 1700s. The prints were executed by means of sets of separate blocks, each carved to print a different color.",,,"In the 1600s, printing flourished in such Jiangnan cities as Nanjing, Suzhou, Hangzhou, and Huizhou, evolving from privately enjoyed illustrated books printed in color to more commercialized single-sheet color prints that were hung on walls and became part of the rich urban visual culture.","{'wikidata': [], 'internet_archive': []}",[],,https://clevelandart.org/art/2025.124,[],Purchase from the J. H. Wade Fund,,,,,[],,,,2026-06-02 11:23:18.604000
679375,2025.125,CC0,"Praying Mantis on a Lychee (荔枝上的螳螂), 1700–1750. China, Suzhou, Qing dynasty (1644–1911). Polychrome woodblock print; ink and color on paper; 24.9 x 35.8 cm (9 13/16 x 14 1/8 in.). The Cleveland Museum of Art, Purchase from the J. H. Wade Fund, 2025.125",,Praying Mantis on a Lychee,荔枝上的螳螂,,,1700–1750,1700,1750,[],"China, Suzhou, Qing dynasty (1644–1911)",Polychrome woodblock print; ink and color on paper,[],Chinese Art,China - Qing Dynasty,Print,24.9 x 35.8 cm (9 13/16 x 14 1/8 in.),,,,"閩海夏深初熟子/ 
相傳第一狀元紅",,"(Christer von der Burg, sold to the Cleveland Museum of Art) (?–2025); The Cleveland Museum of Art, Cleveland, OH (2025–)",,[],[],"Woodblock printing in color reached a height in China in the 1600s to 1700s. The prints were executed by means of sets of separate blocks, each carved to print a different color.",,,"In the 1600s, printing flourished in such Jiangnan cities as Nanjing, Suzhou, Hangzhou, and Huizhou, evolving from privately enjoyed illustrated books printed in color to more commercialized single-sheet color prints that were hung on walls and became part of the rich urban visual culture.","{'wikidata': [], 'internet_archive': []}",[],,https://clevelandart.org/art/2025.125,[],Purchase from the J. H. Wade Fund,,,,,[],,,,2026-06-02 11:23:18.611000
679376,2025.126,CC0,"Vase with Peony (博古花卉圖), 1700–1750. Southeast China, Suzhou, Qing dynasty (1644–1911). Multicolor woodblock print; ink and color on paper; 36 x 26 cm (14 3/16 x 10 1/4 in.). The Cleveland Museum of Art, Purchase from the J. H. Wade Fund, 2025.126",,Vase with Peony,博古花卉圖,,,1700–1750,1700,1750,[],"Southeast China, Suzhou, Qing dynasty (1644–1911)",Multicolor woodblock print; ink and color on paper,[],Chinese Art,China - Qing Dynasty,Print,36 x 26 cm (14 3/16 x 10 1/4 in.),,,,[],"CURRENT: Print Revolutions: Chinese Impressions, 1630s–1960s (Nov 15, 2026)","(Christer von der Burg, sold to the Cleveland Museum of Art) (?–2025); The Cleveland Museum of Art, Cleveland, OH (2025–)",,[],[],"Woodblock printing in color reached a height in China in the 1600s to 1700s. The prints were executed by means of sets of separate blocks, each carved to print a different color.",,,"In the 1600s, printing flourished in such Jiangnan cities as Nanjing, Suzhou, Hangzhou, and Huizhou, evolving from privately enjoyed illustrated books printed in color to more commercialized single-sheet color prints that were hung on walls and became part of the rich urban visual culture.","{'wikidata': [], 'internet_archive': []}",[],,https://clevelandart.org/art/2025.126,[],Purchase from the J. H. Wade Fund,,,,,[],,,,2026-08-15 11:17:58.863000
679377,2025.127,CC0,"Plum and Camellia in a Bronze Vase (博古花卉圖), 1700–1750. Southeast China, Suzhou, Qing dynasty (1644–1911). Multicolor woodblock print; ink and color on paper; 37.3 x 29.8 cm (14 11/16 x 11 3/4 in.). The Cleveland Museum of Art, Purchase from the J. H. Wade Fund, 2025.127",,Plum and Camellia in a Bronze Vase,博古花卉圖,,,1700–1750,1700,1750,[],"Southeast China, Suzhou, Qing dynasty (1644–1911)",Multicolor woodblock print; ink and color on paper,[],Chinese Art,China - Qing Dynasty,Print,37.3 x 29.8 cm (14 11/16 x 11 3/4 in.),,,,[],"CURRENT: Print Revolutions: Chinese Impressions, 1630s–1960s (Nov 15, 2026)","Christer von der Burg, sold to the Cleveland Museum of Art) (?–2025); The Cleveland Museum of Art, Cleveland, OH (2025–)",,[],[],"Woodblock printing in color reached a height in China in the 1600s to 1700s. The prints were executed by means of sets of separate blocks, each carved to print a different color.",,,"In the 1600s, printing flourished in such Jiangnan cities as Nanjing, Suzhou, Hangzhou, and Huizhou, evolving from privately enjoyed illustrated books printed in color to more commercialized single-sheet color prints that were hung on walls and became part of the rich urban visual culture.","{'wikidata': [], 'internet_archive': []}","von Spee, Clarissa. “18th-Century Prints from Suzhou.” <em>Cleveland Art: Cleveland Museum of Art Members Magazine </em>65, no. 3 (2025): 28–29. (Reproduced: p. 29);",,https://clevelandart.org/art/2025.127,"[{'web': {'url': 'https://openaccess-cdn.clevelandart.org/2025.127/2025.127_alt0_web.jpg', 'width': '731', 'height': '900', 'filesize': '231083'}, 'print': {'url': 'https://openaccess-cdn.clevelandart.org/2025.127/2025.127_alt0_print.jpg', 'width': '2763', 'height': '3400', 'filesize': '3388825'}, 'full': {'url': 'https://openaccess-cdn.clevelandart.org/2025.127/2025.127_alt0_full.tif', 'width': '9474', 'height': '11659', 'filesize': '331402082'}, 'date_created': '2025-02-14T15:58:03', 'annotation': ''}]",Purchase from the J. H. Wade Fund,,,,,[],https://openaccess-cdn.clevelandart.org/2025.127/2025.127_web.jpg,https://openaccess-cdn.clevelandart.org/2025.127/2025.127_print.jpg,https://openaccess-cdn.clevelandart.org/2025.127/2025.127_full.tif,2026-08-15 11:17:58.872000
703301,2025.214,Copyrighted,"One Hundred Boys (百子圖), 1970s. China. Woodblock print; ink and color on paper; 108.5 x 56.7 cm (42 11/16 x 22 5/16 in.). The Cleveland Museum of Art, Gift of Christer von der Burg, 2025.214",,One Hundred Boys,百子圖,,,1970s,1970,1979,[],China,woodblock print; ink and color on paper,[],Chinese Art,China - Modern,Print,108.5 x 56.7 cm (42 11/16 x 22 5/16 in.),,,,[],,"Christer von der Burg, given to the Cleveland Museum of Art (1997–2025); The Cleveland Museum of Art, Cleveland, OH (2025–)",,[],[],Each color of this print on paper was impressed with a separately carved block.,,,"“One Hundred Boys” (or <em>Baizitu</em>) is a popular and auspicious theme in Chinese art that expresses the wish for numerous, successful male offspring and a flourishing family line. This motif first appeared during the Song dynasty (960–1279) and remains popular to the present.","{'wikidata': [], 'internet_archive': []}",[],,https://clevelandart.org/art/2025.214,[],Gift of Christer von der Burg,,,,,[],,,,2026-05-01 06:55:43.473000
703302,2025.213,Copyrighted,"One Hundred Boys (百子圖), 1990s. China. Woodblock print; ink and color on paper; print only: 101.4 x 56.2 cm (39 15/16 x 22 1/8 in.); with mounting: 110 x 67.1 cm (43 5/16 x 26 7/16 in.). The Cleveland Museum of Art, Gift of Christer von der Burg, 2025.213",,One Hundred Boys,百子圖,,,1990s,1990,1999,[],China,woodblock print; ink and color on paper,[],Chinese Art,China - Modern,Print,Print only: 101.4 x 56.2 cm (39 15/16 x 22 1/8 in.); with mounting: 110 x 67.1 cm (43 5/16 x 26 7/16 in.),,,,[],,"Christer von der Burg, given to the Cleveland Museum of Art (1997–2025); The Cleveland Museum of Art, Cleveland, OH (2025–)",,[],[],Each color of this print on paper was impressed with a separately carved block.,,,"“One Hundred Boys” (or <em>Baizitu</em>) is a popular and auspicious theme in Chinese art that expresses the wish for numerous, successful male offspring and a flourishing family line. This motif first appeared during the Song dynasty (960–1279) and remains popular to the present.","{'wikidata': [], 'internet_archive': []}",[],,https://clevelandart.org/art/2025.213,[],Gift of Christer von der Burg,,,,,[],,,,2026-05-01 06:55:43.480000
703303,2025.212,CC0,"Zhang Xian Brings Sons (張仙送子), 1644–1911. China, Qing dynasty (1644–1911). Polychrome woodblock print; ink and color on paper. The Cleveland Museum of Art, Gift of Christer von der Burg, 2025.212",,Zhang Xian Brings Sons,張仙送子,,,1644–1911,1644,1911,[],"China, Qing dynasty (1644–1911)",Polychrome woodblock print; ink and color on paper,[],Chinese Art,China - Qing Dynasty,Print,,,,,張仙送子,,"Christer von der Burg, given to the Cleveland Museum of Art (1997–2025); The Cleveland Museum of Art, Cleveland, OH (2025–)",,[],[],Each color of this print on paper was impressed with a separately carved block.,,,"The main figure depicts Zhang Xian, a Chinese god known as the protector of male children. He holds a bow and arrow to shoot the “Heavenly Dog” in the upper right corner, which causes unfortunate eclipses.","{'wikidata': [], 'internet_archive': []}",[],,https://clevelandart.org/art/2025.212,[],Gift of Christer von der Burg,,,,,[],,,,2026-05-29 09:18:47.055000
685895,2025.128,CC0,"One Hundred Boys (百子圖), 1700s. China, Qing dynasty (1644–1911), Jiaqing period (1796–1820). Woodblock print; overall: 188 x 70.5 cm (74 x 27 3/4 in.); print only: 102.5 x 56.8 cm (40 3/8 x 22 3/8 in.). The Cleveland Museum of Art, Purchase from the J. H. Wade Fund, 2025.128",,One Hundred Boys,百子圖,,,1700s,1700,1799,[],"China, Qing dynasty (1644–1911), Jiaqing period (1796–1820)",woodblock print,[],Chinese Art,ASIAN - Hanging scroll,Print,Overall: 188 x 70.5 cm (74 x 27 3/4 in.); Print only: 102.5 x 56.8 cm (40 3/8 x 22 3/8 in.),,,,[],,"(Christer von der Burg, sold to the Cleveland Museum of Art) (?–2025); The Cleveland Museum of Art, Cleveland, OH (2025–)",,[],[],"Woodblock printing in color reached a height in China in the 1600s to 1700s. The prints were executed by means of sets of separate blocks, each carved to print a different color.",,,"In the 1600s, printing flourished in such Jiangnan cities as Nanjing, Suzhou, Hangzhou, and Huizhou, evolving from privately enjoyed illustrated books printed in color to more commercialized single-sheet color prints that were hung on walls and became part of the rich urban visual culture.","{'wikidata': [], 'internet_archive': []}",[],,https://clevelandart.org/art/2025.128,[],Purchase from the J. H. Wade Fund,,,,,[],,,,2026-05-29 09:17:53.533000
685894,2025.129,CC0,"May You Soon Bear Noble Sons (早生貴子圖), 1700s. China, Qing dynasty (1644–1911), Jiaqing period (1796–1820). Woodblock print; overall: 185 x 64 cm (72 13/16 x 25 3/16 in.); paper: 104.5 x 54.6 cm (41 1/8 x 21 1/2 in.); print only: 95 x 53.5 cm (37 3/8 x 21 1/16 in.). The Cleveland Museum of Art, Purchase from the J. H. Wade Fund, 2025.129",,May You Soon Bear Noble Sons,早生貴子圖,,,1700s,1700,1799,[],"China, Qing dynasty (1644–1911), Jiaqing period (1796–1820)",woodblock print,[],Chinese Art,ASIAN - Hanging scroll,Print,Overall: 185 x 64 cm (72 13/16 x 25 3/16 in.); Paper: 104.5 x 54.6 cm (41 1/8 x 21 1/2 in.); Print only: 95 x 53.5 cm (37 3/8 x 21 1/16 in.),,,,[],,"(Christer von der Burg, sold to the Cleveland Museum of Art); The Cleveland Museum of Art, Cleveland, OH",,[],[],"Woodblock printing in color reached a height in China in the 1600s to 1700s. The prints were executed by means of sets of separate blocks, each carved to print a different color.",,,"In the 1600s, printing flourished in such Jiangnan cities as Nanjing, Suzhou, Hangzhou, and Huizhou, evolving from privately enjoyed illustrated books printed in color to more commercialized single-sheet color prints that were hung on walls and became part of the rich urban visual culture.","{'wikidata': [], 'internet_archive': []}",[],,https://clevelandart.org/art/2025.129,[],Purchase from the J. H. Wade Fund,,,,,[],,,,2026-05-29 09:17:52.825000
